source_id,state_code,source_type,agency_name,title,url,effective_date,draft_or_final_status,county_or_local,last_verified_at,notes,trust_level
nat_epa_01,US,official_national,US Environmental Protection Agency,Septic System Care and Maintenance,https://www.epa.gov/septic/septic-system-care-and-maintenance,,,national,2026-03-09,National homeowner guidance and maintenance context,high
nat_epa_02,US,official_national,US Environmental Protection Agency,SepticSmart Week 2024 news release,https://www.epa.gov/newsreleases/epas-12th-annual-septicsmart-week-do-your-part-be-septicsmart,2024-09-16,final,national,2026-03-09,National prevalence anchor for households using septic or similar systems,high
nat_epa_03,US,official_national,US Environmental Protection Agency,About Septic Systems,https://www.epa.gov/septic/about-septic-systems,,,national,2026-03-09,National septic overview and homeowner context,high
nat_epa_04,US,official_national,US Environmental Protection Agency,How to Care for Your Septic System,https://www.epa.gov/septic/how-care-your-septic-system,,,national,2026-03-09,National care and maintenance reference,high
ga_01,GA,official_state,Georgia Department of Public Health,Guide to Septic Tanks,https://dph.georgia.gov/document/document/guide-septic-tanks/download,,,state,2026-03-09,Homeowner guide with bedroom-based examples and garbage disposal note,high
ga_02,GA,official_state,Georgia Department of Public Health,Onsite Sewage,https://dph.georgia.gov/environmental-health/onsite-sewage,,,state,2026-03-09,"Program page with county contact guidance, manual links, and approved-contractor resources",high
ga_03,GA,official_state,Georgia Department of Public Health,County Environmental Health Office,https://dph.georgia.gov/document/document/envhealthcountyofficecontactinfoxlsx/download,,,county_directory,2026-04-04,County environmental health office spreadsheet linked from the DPH environmental health contact page for local questions and services,high
ga_04,GA,official_state,Georgia Department of Public Health,"Complete List of County and District Environmental Health Offices, Contact Information, and Staff Names",https://dph.georgia.gov/document/document/environmental-health-county-phone-numbers/download,,,county_directory,2026-04-04,County and district environmental health phone list linked from the DPH environmental health contact page for record requests and other locally related questions,high
ga_dekalb_01,GA,official_local,DeKalb Public Health,Septic Systems,https://dekalbhealth.net/environmental-health/septic-systems/,,,DeKalb County,2026-04-04,"Official county septic-systems page stating that the program reviews construction plans, analyzes soil reports, issues permits for new and repaired systems, and offers a certification-letter path for existing systems",high
ga_fulton_01,GA,official_local,Fulton County Board of Health,Well and Septic Inspection,https://fultoncountyga.gov/inside-fulton-county/fulton-county-departments/board-of-health/environmental-health/well-and-septic-inspection,,,Fulton County,2026-04-04,Official Fulton County Board of Health page stating that Environmental Health Services permits and inspects onsite sewage management systems and requires plan review for proposed onsite sewage and drinking-water supplies,high
ga_gwinnett_01,GA,official_local,GNR Public Health,Gwinnett Environmental Health Department,https://old.gnrhealth.com/locations/gwinnett/environmental-health-dept/,,,Gwinnett County,2026-04-04,"Official Gwinnett environmental-health location page stating that the office handles site evaluation, permitting and inspection of septic construction, certification of existing systems, and septic complaint investigation",high
ga_gwinnett_02,GA,official_local,GNR Public Health,Septic Systems - Homeowners/Landlords,https://old.gnrhealth.com/services/environmental-health-index/septic-systems-homeownerslandlords/,,,Gwinnett County,2026-04-04,"Official GNR homeowner septic page stating that environmental health inspects septic-related development, investigates failing-system complaints, and requires a Level 3 soil report for septic permits involving new systems repairs or qualifying additions",high
pa_01,PA,official_state,Pennsylvania Department of Environmental Protection,Septic Systems,https://www.pa.gov/agencies/dep/residents/my-water/septic-systems,,,state,2026-03-09,Public-facing state guidance with sizing examples,high
pa_02,PA,official_state,Pennsylvania Department of Environmental Protection,Municipal On Lot Sewage Service Areas,https://www.pa.gov/agencies/dep/programs-and-services/water/clean-water/wastewater-management/act-537-sewage-facilities-program/municipal-on-lot-sewage-service-areas.html,,,state,2026-03-09,Explains local agency and Sewage Enforcement Officer responsibility for on-lot permitting and enforcement,high
pa_03,PA,official_state,Pennsylvania Department of Environmental Protection,Active Sewage Enforcement Officers By County,https://www.pa.gov/content/dam/copapwp-pagov/en/dep/documents/water/bureau-nonpoint-source-management/act-537/active-seos-by-county.pdf,,,state,2026-03-09,Official PDF directory for active Sewage Enforcement Officers by county,high
ct_01,CT,official_state,Connecticut Department of Public Health,Determining Design Sewage Flow,https://portal.ct.gov/dph/environmental-health/environmental-engineering/determining-design-sewage-flow,,,state,2026-03-09,Residential design flow basis and bedroom guidance,high
ct_02,CT,official_state,Connecticut Department of Public Health,19-13-B100a of the Public Health Code,https://portal.ct.gov/dph/environmental-health/environmental-engineering/19-13-b100a-of-the-public-health-code,,,state,2026-03-09,Defines code-complying area and building addition/change-in-use constraints,high
ct_03,CT,official_state,Connecticut Department of Public Health,"On-Site Sewage Disposal Systems with Design Flows of 5,000 Gallons per Day or Less and Non-Discharging Toilet Systems",https://portal.ct.gov/-/media/Departments-and-Agencies/DPH/dph/public_health_code/Sections/1913B103ato1913B103fSewageDisposalLessThan5000Gallonspdf.pdf,,,state,2026-03-09,"Permit-to-construct, site investigation, inspection, and permit-to-discharge procedures",high
ct_04,CT,official_state,Connecticut Department of Public Health,Local health departments,https://portal.ct.gov/dph/knowledge-base/articles/faq/local-health-departments,,,state,2026-03-09,Lookup for local health department authority and contact details,high
or_01,OR,official_state,Oregon Department of Environmental Quality,Residential Septic Systems,https://www.oregon.gov/deq/residential/pages/residentialseptic.aspx,,,state,2026-03-09,Site evaluation and permitting workflow anchor,high
or_02,OR,official_state,Oregon Department of Environmental Quality,Variance Process for Onsite Septic Systems,https://www.oregon.gov/deq/residential/pages/ossvarianceprocess.aspx,,,state,2026-03-09,Explains variance path when a property is unsuitable for normal siting,high
or_03,OR,official_state,Oregon Department of Environmental Quality,Onsite Wastewater Management Program,https://www.oregon.gov/deq/residential/pages/onsite.aspx,,,state,2026-03-09,Program overview and current application system notes,high
or_04,OR,official_state,Oregon Department of Environmental Quality,Onsite Contacts,https://www.oregon.gov/deq/residential/pages/onsite-contacts.aspx,,,state,2026-07-10,Official contact page for local onsite wastewater authorities and county programs,high
or_05,OR,official_state,Oregon Department of Environmental Quality,Locating Septic System Records Online,https://www.oregon.gov/deq/residential/pages/onlinesepticrecords.aspx,,,state,2026-03-09,Official guide to locating septic system records online,high
mo_01,MO,official_state,Missouri Department of Health and Senior Services,Onsite Wastewater Treatment Program,https://health.mo.gov/living/environment/onsite/,,,state,2026-03-09,State program overview and local authority links,high
mo_02,MO,official_state,Missouri Department of Health and Senior Services,OWTS Construction Permit Application Process,https://health.mo.gov/living/environment/onsite/permitprocess.html,,,state,2026-03-09,Explains Missouri authority types and when DHSS versus local authority governs the permit path,high
mo_03,MO,official_state,Missouri Department of Health and Senior Services,Onsite Wastewater Treatment Resources,https://health.mo.gov/living/environment/onsite/resources.php,,,state,2026-03-09,"Explains minimum construction standards, local authority map, and permit triggers",high
mo_04,MO,official_state,Missouri Department of Health and Senior Services,Local Public Health Agencies,https://health.mo.gov/living/lpha.php,,,state,2026-03-09,Official directory of Missouri local public health agencies,high
mo_05,MO,official_state,Missouri Department of Health and Senior Services,Onsite Sewage Permitting Jurisdiction by County,https://health.mo.gov/living/environment/onsite/countyauthority.php,,,state,2026-03-09,Official county-by-county onsite permitting jurisdiction map,high
nc_01,NC,official_state,North Carolina Department of Health and Human Services,On-Site Water Protection Branch,https://ehs.dph.ncdhhs.gov/oswp/,,,state,2026-03-09,Official branch landing page for onsite wastewater,high
nc_02,NC,official_state,North Carolina Department of Health and Human Services,18E Resources,https://ehs.dph.ncdhhs.gov/oswp/18e-resources.htm,,,state,2026-03-09,"Shows current Improvement Permit, Construction Authorization, and Operation Permit templates",high
nc_03,NC,official_state,North Carolina Department of Health and Human Services,On-Site Wastewater Treatment and Dispersal Systems Program Resources,https://ehs.dph.ncdhhs.gov/oswp/resources.htm,,,state,2026-03-09,"Program resources page covering rules, permit options, and design-flow support materials",high
nc_04,NC,official_state,North Carolina Department of Health and Human Services,Local Health Department Directory,https://www.ncdhhs.gov/divisions/public-health/county-health-departments,,,state,2026-03-09,Official directory of North Carolina county health departments,high
nc_05,NC,official_state,North Carolina Real Estate Commission,Septic Permits - A Refresher,https://bulletins.ncrec.gov/septic-permits-a-refresher/,,,state,2026-07-10,"Official NCREC bulletin directing brokers to verify county septic permit information and not advertise more bedrooms than the septic permit allows",high
nj_01,NJ,official_state,New Jersey Department of Environmental Protection,Septic Systems,https://dep.nj.gov/wlm/home/septic-systems/,,,state,2026-03-09,State homeowner-facing septic overview,high
nj_02,NJ,official_state,New Jersey Pinelands Commission,Septic System Management,https://www.nj.gov/pinelands/landuse/recent/septic/,,,state,2026-03-09,"Pinelands guidance on inspection cadence, board of health reporting, and maintenance contracts",high
nj_03,NJ,official_state,New Jersey Department of Environmental Protection,Septic Management Model Ordinance,https://www.nj.gov/dep/wqmp/docs/septic_ordinance20091014.pdf,,,state,2026-03-09,Model ordinance tying septic management to local acting authority and routine maintenance,high
nj_04,NJ,official_state,New Jersey Pinelands Commission,Alternate Design Septic System Program,https://www.nj.gov/pinelands/landuse/current/altseptic/,,,state,2026-03-09,Special-area advanced system program and long-term maintenance context,high
nj_05,NJ,official_state,New Jersey Department of Health,Local Health Departments,https://www.nj.gov/health/lh/documents/lhdirectory.pdf,,,state,2026-03-09,Official directory of New Jersey local health departments,high
wa_01,WA,official_state,Washington State Department of Health,On-site Sewage Systems (OSS),https://doh.wa.gov/community-and-environment/wastewater-management/site-sewage-systems-oss,,,state,2026-03-09,State OSS overview and statewide/local roles,high
wa_02,WA,official_state,Washington State Department of Health,Management Roles for On-site Sewage Systems,https://doh.wa.gov/community-and-environment/wastewater-management/site-sewage-systems-oss/management-strategy/management-roles,,,state,2026-03-09,Explains local health jurisdiction permitting role and homeowner inspection duties,high
wa_03,WA,official_state,Washington State Department of Health,Caring for Your Septic System,https://doh.wa.gov/CommunityandEnvironment/WastewaterManagement/SepticSystem/CaringforYourSystem,,,state,2026-03-09,Homeowner inspection and pumping cadence guidance,high
wa_04,WA,official_state,Washington State Department of Health,Types of Septic Systems,https://doh.wa.gov/community-and-environment/wastewater-management/septic-system/types-systems,,,state,2026-03-09,"State guide to common OSS system types including gravity, mound, and ATU",high
wa_05,WA,official_state,Washington State Department of Health,Local Health Jurisdictions,https://doh.wa.gov/community-and-environment/wastewater-management/site-sewage-systems-oss/local-health-jurisdictions,,,state,2026-03-09,Official directory of Washington local health jurisdictions for onsite sewage systems,high
ma_01,MA,official_state,Mass.gov,Septic Systems & Title 5,https://www.mass.gov/septic-systems-title-5,,,state,2026-03-09,Title 5 overview hub for Massachusetts,high
ma_02,MA,official_state,Mass.gov,Buying or Selling Property with a Septic System,https://www.mass.gov/guides/buying-or-selling-property-with-a-septic-system,,,state,2026-03-09,Property-transfer inspection timing and Board of Health workflow,high
ma_03,MA,official_state,Mass.gov,310 CMR 15.000: Septic Systems (Title 5),https://www.mass.gov/regulations/310-CMR-1500-the-state-environmental-code-regulating-septic-systems-title-5,,,state,2026-03-09,Official Title 5 regulation page,high
ma_04,MA,official_state,Mass.gov,Title 5 for Builders and Developers,https://www.mass.gov/guides/title-5-for-builders-and-developers,,,state,2026-03-09,Official guide that points owners to local boards of health for many Title 5 approvals,high
ma_05,MA,official_state,Mass.gov,Consumer Protection Tips: Septic System Inspections and Repairs,https://www.mass.gov/info-details/consumer-protection-tips-septic-system-inspections-and-repairs,,,state,2026-03-09,"Official consumer guide on inspection paperwork, local board filings, and repair documentation",high
fl_01,FL,official_state,Florida Department of Health,Onsite Sewage & Septic,https://www.floridahealth.gov/licensing-regulations/regulated-facilities/onsite-sewage-septic/,,,state,2026-03-09,Current statewide homeowner page covering the DEP transfer and county split,high
fl_02,FL,official_state,Florida Department of Health,OSTDS Construction Approvals,https://www.floridahealth.gov/licensing-regulations/regulated-facilities/onsite-sewage-septic/ostds-construction-approvals/,,,state,2026-03-09,Construction approvals and permitting workflow support page,high
fl_03,FL,official_state,Florida Department of Health,Homebuyer's Guide to Septic Systems,https://www.floridahealth.gov/environmental-health/onsite-sewage/_documents/homebuyer.pdf,,,state,2026-03-09,Official buyer-facing inspection and repair guidance,high
fl_04,FL,official_state,Florida Department of Health,County Health Department Locations,https://www.floridahealth.gov/all-county-locations.html,,,state,2026-03-09,Official statewide directory for Florida county health departments,high
fl_05,FL,official_state,Florida Department of Health,Statistics and Data - Septic Systems,https://www.floridahealth.gov/statistics-and-data/environmental-health/onsite-sewage/index.html,,,state,2026-03-09,Official septic data page with current jurisdiction context and county split references,high
ca_01,CA,official_state,California State Water Resources Control Board,Onsite Wastewater Treatment Systems (OWTS),https://www.waterboards.ca.gov/water_issues/programs/owts/,,,state,2026-03-10,State OWTS program hub with current policy links and statewide homeowner context,high
ca_02,CA,official_state,California State Water Resources Control Board,Onsite Wastewater Treatment Systems (OWTS) Policy,https://www.waterboards.ca.gov/water_issues/programs/owts/owts_policy.html,,,state,2026-03-10,Current OWTS policy page describing local agency permitting and Tier 1 versus LAMP context,high
ca_03,CA,official_state,California State Water Resources Control Board,OWTS Policy Regional Jurisdictions and Contact list,https://www.waterboards.ca.gov/water_issues/programs/owts/lamp_contact.html,,,state,2026-03-10,Official regional and local jurisdiction contact list for California OWTS questions,high
tx_01,TX,official_state,Texas Commission on Environmental Quality,On-Site Sewage Facilities (Septic Systems): Information for Homeowners,https://www.tceq.texas.gov/permitting/ossf/ossfhomeowners.html,,,state,2026-03-10,Current homeowner hub with local permitting authority routing and next-step links,high
tx_02,TX,official_state,Texas Commission on Environmental Quality,Getting a Permit for an OSSF - Such as a Septic System,https://www.tceq.texas.gov/permitting/ossf/ossfpermits.html,,,state,2026-03-10,"Current permit page with approved-plan requirement, local permitting authority guidance, and 30-day review note",high
tx_03,TX,official_state,Texas Commission on Environmental Quality,Choosing a Septic System (On-Site Sewage Facility System),https://www.tceq.texas.gov/permitting/ossf/ossfsystems.html,,,state,2026-03-10,Current systems page explaining site evaluation by a licensed site evaluator or professional engineer,high
tx_04,TX,official_state,Texas Commission on Environmental Quality,On-Site Activity Reporting System (OARS),https://www.tceq.texas.gov/permitting/ossf/on-site-activity-reporting-system,,,state,2026-03-10,Official OARS landing page noting that the public can use it to find local permitting authority contact information,high
tx_05,TX,official_state,Texas Commission on Environmental Quality,Maintenance of On-Site Sewage Facilities (Septic Systems),https://www.tceq.texas.gov/permitting/ossf/ossfmaintenance.html,,,state,2026-03-10,Current maintenance page covering conventional pumping recommendations and stricter local maintenance rules,high
tx_06,TX,official_state,Texas Commission on Environmental Quality,On-Site Sewage Facility Program Contacts,https://www.tceq.texas.gov/permitting/ossf/ossf_contacts.html,,,state,2026-03-10,Official TCEQ contact page for technical information licensing and complaints,high
tx_07,TX,official_state,Texas Commission on Environmental Quality,Basics for Septic Systems,https://www.tceq.texas.gov/assistance/water/fyiossfs.html,,,state,2026-05-07,"Current homeowner explainer stating that almost all OSSFs need permits, many local governments act as authorized agents, and homeowners can search online for the local permitting authority",high
tx_travis_01,TX,official_county,Travis County Transportation and Natural Resources,On-Site Sewage Facility (Septic System) Permit,https://www.traviscountytx.gov/tnr/development-services/apply-for-a-permit/residential-ossf-septic-system-permit,,,Travis County,2026-05-07,Official Travis County septic permit page for residential OSSF work and permit-path orientation,high
tx_travis_02,TX,official_county,Travis County Transportation and Natural Resources,TNR Open Records,https://www.traviscountytx.gov/tnr/tnr-open-records,,,Travis County,2026-05-07,Official Travis County open-records page explaining where to find septic permits field inspections site-plan drawings certification letters and license-to-operate records including the public portal and post-2014 online system,high
tx_bexar_01,TX,official_county,Bexar County Environmental Services,On-Site Sewage Facilities,https://www.bexar.org/3218/On-Site-Sewage-Facilities,,,Bexar County,2026-05-07,Official Bexar County septic page explaining permit status existing-system registration repair and renewal paths and the county's records-request route,high
tx_bexar_02,TX,official_county,Bexar County County Clerk,Open Records Requests,https://www.bexar.org/3565/Public-Records,,,Bexar County,2026-05-07,Official Bexar County open-records page for submitting or tracking county records requests when septic permit records are not directly visible through the onsite sewage page,high
tx_williamson_01,TX,official_county,Williamson County,On-Site Sewage Facilities (OSSF),https://www.wilcotx.gov/644/On-Site-Sewage-Facilities-OSSF,,,Williamson County,2026-05-07,Official Williamson County OSSF page with county address and jurisdiction checks record-request instructions and MyGovernment Online permit workflow,high
tx_williamson_02,TX,official_county,Williamson County,Open Records Request,https://www.wilcotx.gov/1485/Open-Records-Request,,,Williamson County,2026-05-07,Official Williamson County open-records page used when septic permit files are not already visible through the OSSF path,high
tx_harris_01,TX,official_county,Harris County Engineering Department,Residential Construction and On-site Sewage System (Septic),https://oce.harriscountytx.gov/Services/Permits/Permits-A-to-Z/Residential-Construction-On-site-Sewage-System-Septic,,,Harris County,2026-05-07,Official Harris County septic permit page listing property-tax-number requirements and the core engineering packet needed for residential septic approvals,high
tx_harris_02,TX,official_county,Harris County Engineering Department,Public Information Act (PIA) Requests,https://oce.harriscountytx.gov/Divisions/Records-Division/Public-Information-Act-PIA-Requests,,,Harris County,2026-05-07,Official Harris County Engineer records page routing public-information requests through GovQA and the Records Division,high
tx_collin_01,TX,official_county,Collin County Development Services,On Site Sewage Facilities (OSSF),https://www.collincountytx.gov/Services/Engineering/Development-Services/Pages/On-Site-Sewage-Facilities.aspx,,,Collin County,2026-05-07,Official Collin County OSSF page stating that properties outside city limits use the Citizen Self-Service Portal for septic permits and explaining small-lot and county-rule context,high
tx_collin_02,TX,official_county,Collin County,Open Records Requests,https://www.collincountytx.gov/Public-Information/open-records-requests,,,Collin County,2026-05-07,Official Collin County open-records page stating requests must be submitted in writing for existing government documents,high
ny_01,NY,official_state,New York State Department of Health,Residential Onsite Wastewater Treatment Systems Design Handbook,https://healthweb-back.health.ny.gov/environmental/water/drinking/wastewater_treatment_systems/design_handbook.htm,,,state,2026-03-10,Current NYSDOH design handbook landing page for residential onsite wastewater treatment systems,high
ny_02,NY,official_state,New York State Department of Health,Appendix 75-A - Wastewater Treatment Standards - Residential Onsite Systems,https://healthweb-back.health.ny.gov/environmental/water/drinking/docs/appendix_75a.pdf,,,state,2026-03-10,Official Appendix 75-A PDF covering residential onsite wastewater standards and specific waivers,high
ny_03,NY,official_state,New York State Department of Health,Regulations for Drinking Water and Residential Wastewater Treatment Systems,https://healthweb-back.health.ny.gov/environmental/water/drinking/regulations/,,,state,2026-03-10,Current NYSDOH regulations page linking to Appendix 75-A and the residential onsite design handbook,high
ny_04,NY,official_state,New York State Department of Health,NYSDOH Field Offices and Local Health Departments,https://healthweb-back.health.ny.gov/environmental/docs/cehdir.pdf,,,state,2026-03-10,Official PDF directory for state district offices and county health departments,high
ny_05,NY,official_state,New York State Department of Health,County Health Department Phone Numbers,https://healthweb-back.health.ny.gov/contact/contact_information/,,,state,2026-05-07,Official NYSDOH contact page listing county health department phone numbers and routing homeowners to the correct local office,high
ny_suffolk_01,NY,official_county,Suffolk County Department of Health Services,Office of Wastewater Management (OWM),https://www.suffolkcountyny.gov/Departments/Health-Services/WWM,,,Suffolk County,2026-05-07,Official Suffolk County wastewater-management office page with application guidance FOIL and status-request links and front-counter contact information,high
ny_suffolk_02,NY,official_county,Suffolk County Department of Health Services,Common Issues and Questions,https://www.suffolkcountyny.gov/Departments/Health-Services/Common-Issues-and-Questions,,,Suffolk County,2026-05-07,Official Suffolk County health-services page stating that the Office of Wastewater Management may have septic-system location records for single-family residences built in 1973 or later and explaining what property information to provide,high
ny_westchester_01,NY,official_county,Westchester County Department of Health,Septic Systems,https://health.westchestergov.com/septic-systems,,,Westchester County,2026-05-07,Official Westchester County septic-systems page with county septic guidance and records-search support context,high
ny_westchester_02,NY,official_county,Westchester County Department of Health,Request for Approved Septic System and Well Records,https://health.westchestergov.com/images/stories/PDF/sketchrequestform2024.pdf,,,Westchester County,2026-05-07,Official Westchester County sketch-request form listing available septic and well file artifacts and the property identifiers needed to run the county search,high
ny_dutchess_01,NY,official_county,Dutchess County Department of Behavioral and Community Health,Building Permits Certificates of Occupancy and Lot Approval,https://www.dutchessny.gov/Departments/DBCH/Building-Permits-Certificates-Occupancy-Lot-Approval.htm,,,Dutchess County,2026-05-07,Official Dutchess County environmental-health workflow page describing local building-permit intake county file review pre-construction conference and inspection before final cover,high
ny_dutchess_02,NY,official_county,Dutchess County Department of Behavioral and Community Health,DBCH Forms and Project Review Permit Status,https://www.dutchessny.gov/Departments/DBCH/dbch-forms.htm,,,Dutchess County,2026-05-07,Official Dutchess County forms page with project-review and permit-status tools and septic approval-copy contact path,high
ny_rockland_01,NY,official_county,Rockland County Department of Health,Wastewater,https://www.rocklandcountyny.gov/departments/health/environmental-health/wastewater,,,Rockland County,2026-05-07,Official Rockland County wastewater page describing site assessment plan review approvals and inspections for septic systems,high
ny_rockland_02,NY,official_county,Rockland County,Self-Service Plan Permit and Licensing Portal,https://www.rocklandcountyny.gov/services-directory/self-service-plan-permit-licensing-portal,,,Rockland County,2026-05-07,Official Rockland County self-service portal for septic submittals inspections documents and approved permits and plans,high
oh_01,OH,official_state,Ohio Environmental Protection Agency,Information about Household Sewage Treatment Systems,https://ohioepa.custhelp.com/app/answers/detail/a_id/367/~/information-about-household-sewage-treatment-systems,,,state,2026-03-10,"Official Ohio EPA homeowner FAQ stating that local health departments handle permitting, code enforcement, nuisance investigations, and operational inspections for household sewage treatment systems",high
oh_02,OH,official_state,Ohio Laws and Rules,Chapter 3701-29 | Household Sewage Treatment Systems,https://codes.ohio.gov/ohio-administrative-code/chapter-3701-29,,,state,2026-03-10,"Official Ohio Administrative Code chapter governing household sewage treatment systems, including installation and operation permit requirements in rule 3701-29-09",high
oh_hamilton_01,OH,official_county,Hamilton County Public Health,Sewage Treatment Systems,https://hamiltoncountyhealth.org/services/water-quality/new-sewage-treatment-systems/,,,Hamilton County,2026-05-07,Official Hamilton County sewage-treatment page with permit status buyer inspection workflow jurisdiction boundaries and system-inspection cadence,high
oh_hamilton_02,OH,official_county,Hamilton County Public Health,Inspection Records System Update,https://hamiltoncountyhealth.org/announcement/inspection-records-system-update/,,,Hamilton County,2026-05-07,Official Hamilton County update describing online inspection-results access and record lookup support for sewage treatment systems,high
oh_clermont_01,OH,official_county,Clermont County Public Health,Homeowner Inspection Requests,https://www.clermonthealthohio.gov/services/permits_and_inspections/septic_systems_operation_permits/homeowner_inspection_requests.php,,,Clermont County,2026-05-07,Official Clermont County homeowner inspection page explaining septic database history operation-permit inspection cadence and buyer-facing inspection requests,high
oh_clermont_02,OH,official_county,Clermont County Public Health,Repair or Replace Septic System,https://www.clermonthealthohio.gov/services/permits_and_inspections/septic_systems_operation_permits/repair_or_replace_septic_system.php,,,Clermont County,2026-05-07,Official Clermont County repair-or-replace page listing the permit inputs and file details needed before septic work can begin,high
oh_summit_01,OH,official_county,Summit County Public Health,Online Records Search,https://www.scph.org/water-quality/online-records-search,,,Summit County,2026-05-07,Official Summit County public-health records-search page for septic and private-water records,high
oh_summit_02,OH,official_county,Summit County Public Health,New or Replacement Sewage Treatment Systems,https://www.scph.org/water-quality/new-or-replacement-sewage-treatment-systems,,,Summit County,2026-05-07,Official Summit County new-or-replacement systems page describing site and soil review permit workflow and off-lot discharge context,high
oh_summit_03,OH,official_county,Summit County Public Health,Point of Sale,https://www.scph.org/water-quality/point-sale,,,Summit County,2026-05-07,Official Summit County point-of-sale page stating that residential transfers with sewage treatment systems require buyer-submitted point-of-sale inspections,high
oh_lucas_01,OH,official_county,Toledo-Lucas County Health Department,Household Sewage Treatment System,https://lucascountyhealth.com/sewage-treatment/,,,Lucas County,2026-05-07,Official Toledo-Lucas County sewage-treatment page with HSTS inspection report references permit applications design and site review documents and O&M permit materials,high
oh_lucas_02,OH,official_county,Toledo-Lucas County Health Department,Report of Inspection of Household Sewage Treatment System,https://lucascountyhealth.com/wp-content/uploads/2021/05/OM-Inspection-Form.pdf,,,Lucas County,2026-05-07,Official Lucas County household sewage treatment system inspection report form,high
oh_lucas_03,OH,official_county,Toledo-Lucas County Health Department,2024 Sewage Permit Application,https://lucascountyhealth.com/wp-content/uploads/2024/01/2024-Sewage-Permit-Application.pdf,,,Lucas County,2026-05-07,Official Lucas County sewage permit application PDF for installation replacement and related HSTS permit work,high
mi_01,MI,official_state,Michigan Department of Environment Great Lakes and Energy,Onsite Wastewater Management,https://www.michigan.gov/egle/about/organization/water-resources/onsite-wastewater-management,,,state,2026-03-10,Official EGLE onsite wastewater program page describing onsite wastewater management as a required service for local health departments under the Michigan Public Health Code,high
mi_02,MI,official_state,Michigan Department of Environment Great Lakes and Energy,FAQ: Septic systems,https://www.michigan.gov/egle/faq/water/septic-systems,,,state,2026-03-10,Official Michigan septic FAQ telling homeowners to contact the local health department if they suspect failure or are unsure where the system is located,high
mi_03,MI,official_state,Michigan Department of Environment Great Lakes and Energy,Chapter 3. Wastewater,https://www.michigan.gov/-/media/Project/Websites/egle/Documents/Programs/WRD/GEMS/GEMS_Ch03.pdf,,,state,2026-03-10,Official Michigan guide to environmental regulations chapter stating the onsite sanitary wastewater program is administered in coordination with local health departments that permit and inspect systems and that local ordinances may add requirements,high
az_01,AZ,official_state,Arizona Department of Environmental Quality,Onsite Wastewater Treatment Facilities,https://water.azdeq.gov/onsitewastewater,,,state,2026-03-10,Official ADEQ onsite wastewater page explaining that ADEQ has delegated permitting authority to all 15 counties and that homeowners submit permit applications to the county in which the property is located,high
az_02,AZ,official_state,Arizona Department of Environmental Quality,Type 4 General Permit for Onsite Wastewater Treatment Facilities,https://water.azdeq.gov/wqd-permit-osww-type-402-423-gp,,,state,2026-03-10,"Official ADEQ permit page describing the Type 4 general permit for 0 to 24,000 gallons per day, the Notice of Intent to Construct, two-year construction window, and Notice of Intent to Discharge sequence",high
az_03,AZ,official_state,Arizona Department of Environmental Quality,Onsite Wastewater Delegation Agreements,https://water.azdeq.gov/da/osww,,,state,2026-03-10,Official ADEQ delegation page linking county permit application forms and the Uniform Site Investigation Report used by delegated counties,high
az_04,AZ,official_state,Arizona Department of Environmental Quality,Search Notices of Transfer for an Onsite Wastewater Treatment Facility,https://own.azdeq.gov/app/own/home.xhtml,,,state,2026-03-10,Official ADEQ portal that lets users search prior notices of transfer for onsite wastewater treatment facilities,high
co_01,CO,official_state,Colorado Department of Public Health and Environment,On-site wastewater treatment systems (OWTS),https://cdphe.colorado.gov/on-site-wastewater-treatment-systems-owts,,,state,2026-03-10,"Official CDPHE OWTS page stating permits are required before installing, altering, or repairing a system, that local public health agencies typically regulate systems up to 2,000 gallons per day, and that the page links permit data and transfer-of-title inspection resources",high
co_02,CO,official_state,Colorado Department of Public Health and Environment,Find your local public health agency,https://cdphe.colorado.gov/find-your-local-public-health-agency,,,state,2026-03-10,Official CDPHE directory for finding the local public health agency that controls the homeowner's OWTS permit and inspection path,high
ca_placer_01,CA,official_county,Placer County Environmental Health,Septic Systems,https://www.placer.ca.gov/3300/Septic-Systems,,,Placer County,2026-05-07,Official Placer County septic-systems page with construction-permit forms site-evaluation workflow soils-testing notes and Environmental Health contact path,high
ca_placer_02,CA,official_county,Placer County Environmental Health,Online Document Search,https://www.placer.ca.gov/3228/Online-Document-Search,,,Placer County,2026-05-07,Official Placer County environmental-health document-search page with APN-based access to county septic and other Environmental Health documents and notes about historic scanning gaps,high
ca_eldorado_01,CA,official_county,El Dorado County Environmental Management,Parcel Research Request,https://www.eldoradocounty.ca.gov/files/sharedassets/county/v/1/training/environmental-management/emd-parcel-research-request-form.pdf,,,El Dorado County,2026-05-07,Official El Dorado County parcel-research request form used to request septic permits and related records by APN through Environmental Management,high
ca_eldorado_02,CA,official_county,El Dorado County Environmental Management,Liquid Waste Program Septic Approval Procedure,https://www.eldoradocounty.ca.gov/Public-Safety-Justice/Waste-Disposal/Liquid-Waste-Disposal/New-Sewage-Disposal-System-Approval,,,El Dorado County,2026-05-07,Official El Dorado County septic approval procedure describing required plot-plan data replacement area review permit-system entry and inspection path,high
ca_trinity_01,CA,official_county,Trinity County Environmental Health Division,Parcel Records Request Information Sheet,https://www.trinitycounty.org/DocumentCenter/View/690/Trinity-County-Parcel-Records-Request-Information-Sheet-PDF,,,Trinity County,2026-05-07,Official Trinity County parcel-records request sheet for septic and well records using APN owner names and ownership dates,high
ca_trinity_02,CA,official_county,Trinity County Environmental Health Division,Sewage Disposal,https://www.trinitycounty.org/493/Sewage-Disposal,,,Trinity County,2026-05-07,Official Trinity County sewage-disposal page explaining Environmental Health authorization and the warning that permitted records are not always finaled records,high
ca_sonoma_01,CA,official_county,Permit Sonoma,Well and Septic Record Search,https://prmduat.sonomacounty.ca.gov/citizenaccess/Cap/CapHome.aspx?TabName=Home&module=WellAndSeptic,,,Sonoma County,2026-05-07,Official Permit Sonoma Well and Septic search portal with record-number parcel-number and address-based search options,high
ca_sonoma_02,CA,official_county,Permit Sonoma,Apply for Permits,https://prmduat.sonomacounty.ca.gov/citizenaccess/Customization/common/apply-list.aspx,,,Sonoma County,2026-05-07,Official Permit Sonoma application page for septic construction permits septic design applications site evaluations and linked inspection workflows,high
va_01,VA,official_state,Virginia Department of Health,Onsite Sewage,https://www.vdh.virginia.gov/environmental-health/onsite-sewage/,,,state,2026-03-10,"Official VDH onsite sewage page explaining that owners obtain construction permits from the health department or VDH, that some systems are eligible for operation permits, and that local health districts remain the practical homeowner entry point",high
va_02,VA,official_state,Virginia Department of Health,Onsite Sewage Handbook,https://www.vdh.virginia.gov/environmental-health/onsite-sewage-handbook/,,,state,2026-03-10,"Official VDH homeowner handbook stating that conventional systems generally should be pumped every 3 to 5 years, that some AOSS require licensed operator visits every 3, 6, or 12 months, and that the operation and maintenance manual should stay with the system",high
va_03,VA,official_state,Virginia Department of Health,Local Health Districts,https://www.vdh.virginia.gov/local-health-districts/,,,state,2026-03-10,Official VDH local health district page for identifying the district and environmental health office that controls the homeowner's next call,high
va_04,VA,official_state,Virginia Department of Health,Buying a House with an Onsite System,https://www.vdh.virginia.gov/environmental-health/buying-a-house-with-an-onsite-system/,,,state,2026-03-10,"Official VDH buyer guidance telling homeowners to ask for permits, operation permits, the operation and maintenance manual, inspection reports, as-built drawings, and any notice of recordation tied to the system",high
tn_01,TN,official_state,Tennessee Department of Environment and Conservation,Subsurface Sewage Disposal System (SSDS) Permits,https://www.tn.gov/environment/permit-permits/water-permits1/septic-systems-permits.html,,,state,2026-03-10,"Official TDEC SSDS permits hub showing that construction permits cover installation and repair work, linking the online application, SSDS record search, and program contacts for homeowners",high
tn_02,TN,official_state,Tennessee Department of Environment and Conservation,Online Application for Septic Related Services,https://www.tn.gov/environment/permit-permits/water-permits1/septic-systems-permits/ssp/wr-sds-online-application-for-ground-water-protection-services.html,,,state,2026-03-10,"Official TDEC online services page stating that a septic permit should always be obtained before dirt work, that a repair permit is required before work on a failing septic system, that alternative systems are used when soil or site conditions are not favorable, and that inspection letters document the status of an existing septic system for sales, mortgages, or subdivision approval",high
tn_03,TN,official_state,Tennessee Department of Environment and Conservation,Septic System Construction Permit,https://www.tn.gov/environment/permit-permits/water-permits1/septic-systems-permits/ssp/permit-water-septic-system-construction-permit.html,,,state,2026-03-10,Official TDEC construction permit page stating that anyone installing a septic system or repairing an existing faulty system must get a Septic System Construction Permit and describing the permit application inputs,high
tn_04,TN,official_state,Tennessee Department of Environment and Conservation,Division of Water Resources Contacts,https://www.tn.gov/environment/permit-permits/water-permits1/septic-systems-permits/ssp/wr-sds-contacts-by-region.html,,,state,2026-03-10,Official TDEC contacts page noting that counties listed as contract counties have their own septic system assistance services and routing homeowners to the correct regional or county contact,high
sc_01,SC,official_state,South Carolina Department of Environmental Services,"Septic Tanks - Residential, Single Home Builder",https://des.sc.gov/permits-regulations/septic-tanks/permits-licenses/septic-tanks-residential-single-home-builder,,,state,2026-03-10,"Official SCDES builder page stating that South Carolina law requires site approvals and permits for all septic systems, that a permit is required before the county can issue a building permit, and describing the D-1740 application, site visit, Permit to Construct, final inspection, and five-year permit life",high
sc_02,SC,official_state,South Carolina Department of Environmental Services,How to Locate a Septic Tank,https://des.sc.gov/permits-regulations/septic-tanks/homeowner-resources/how-locate-septic-tank,,,state,2026-03-10,"Official SCDES homeowner page explaining how to request permit copies on file, what parcel information speeds the search, and that any person or organization can submit the D-1740 application through the ePermitting Portal",high
sc_03,SC,official_state,South Carolina Department of Environmental Services,Septic Tanks - Who to Call,https://des.sc.gov/permits-regulations/septic-tanks/septic-tanks-who-call,,,state,2026-03-10,"Official SCDES contact page routing homeowners to customer support, final inspection contacts, permit-copy requests, and after-submission regional contacts by county",high
sc_04,SC,official_state,South Carolina Department of Environmental Services,Septic Tanks,https://des.sc.gov/permits-regulations/septic-tanks,,,state,2026-03-10,"Official SCDES septic program hub linking Regulation 61-56, the permit application path, contractor lookup, and homeowner septic guidance",high
sc_greenville_parcel_01,SC,official_county,Greenville County South Carolina,Real Property Search,https://www.greenvillecounty.org/appsas400/RealProperty/,,,Greenville County,2026-06-29,"Official Greenville County real property search with name street map number subdivision and property card lookup used to anchor SCDES permit-copy requests",high
sc_charleston_parcel_01,SC,official_county,Charleston County Government,Property Record Cards Search,https://prcweb.charlestoncounty.org/,,,Charleston County,2026-06-29,"Official Charleston County property record card search by name address parcel ID TMS and sales date used to anchor SCDES permit-copy requests",high
sc_horry_parcel_01,SC,official_county,Horry County Government,Online Services and GIS,https://www.horrycountysc.gov/online-services/,,,Horry County,2026-06-29,"Official Horry County online services page linking GIS and warning that GIS parcel fabric is for taxing purposes not survey purposes before SCDES file matching",high
sc_richland_parcel_01,SC,official_county,Richland County South Carolina,Mapping and Records,https://www.richlandcountysc.gov/Property-Business/Mapping-and-Records,,,Richland County,2026-06-29,"Official Richland County mapping and records page for county property data and maps used to anchor SCDES permit-copy requests",high
sc_spartanburg_parcel_01,SC,official_county,Spartanburg County South Carolina,Geographic Information Systems,https://www.spartanburgcounty.gov/185/Geographic-Information-Systems,,,Spartanburg County,2026-06-29,"Official Spartanburg County GIS page stating GIS maintains digital parcels road centerlines and public mapping capabilities used to anchor SCDES permit-copy requests",high
sc_lexington_parcel_01,SC,official_county,Lexington County South Carolina,Property Tax Data Search,https://lex-co.sc.gov/services/property-tax-data-search,,,Lexington County,2026-06-29,"Official Lexington County property tax data search and public property resource used to capture parcel identity before SCDES permit-copy requests",high
sc_york_parcel_01,SC,official_county,York County South Carolina,Geographic Information Systems,https://www.yorkcountysc.gov/234/GIS,,,York County,2026-06-29,"Official York County GIS page directing users to One Map Reports for parcel based owner school district jurisdiction and tax information before SCDES file matching",high
sc_berkeley_parcel_01,SC,official_county,Berkeley County GIS,Advanced Mapping App,https://gis.berkeleycountysc.gov/maps/advanced_map/,,,Berkeley County,2026-06-29,"Official Berkeley County GIS advanced map for TMS owner address street parcel ownership tax assessment property line aerial and coordinate lookup before SCDES file matching",high
sc_beaufort_parcel_01,SC,official_county,Beaufort County Government,Geographic Information Systems,https://www.beaufortcountysc.gov/gis/index.html,,,Beaufort County,2026-06-29,"Official Beaufort County GIS hub gathering county mapping applications in one place before SCDES permit-copy requests",high
sc_anderson_parcel_01,SC,official_county,Anderson County South Carolina,Assessor and Real Property,https://www.andersoncountysc.org/departments-a-z/assessor/,,,Anderson County,2026-06-29,"Official Anderson County assessor page pointing to property viewer parcel data and public access resources before SCDES permit-copy requests",high
sc_dorchester_parcel_01,SC,official_county,Dorchester County South Carolina,Real Estate and Mobile Home Search,https://www.dorchestercountysc.gov/how-do-i/find/real-property-mobile-home-search,,,Dorchester County,2026-06-29,"Official Dorchester County real property and mobile home search path backed by the assessor and GIS department before SCDES file matching",high
sc_aiken_parcel_01,SC,official_county,Aiken County South Carolina,Maps County,https://www.aikencountysc.gov/330/Maps-County,,,Aiken County,2026-06-29,"Official Aiken County GeoServices page for GIS geodatabase maps 911 addressing and spatial data before SCDES permit-copy requests",high
sc_pickens_parcel_01,SC,official_county,Pickens County South Carolina,GIS Department,https://www.co.pickens.sc.us/departments/gis/index.php,,,Pickens County,2026-06-29,"Official Pickens County GIS page listing parcel boundaries soils flood zones hydrography and related layers before SCDES file matching",high
sc_florence_parcel_01,SC,official_county,Florence County South Carolina,Online Services GIS Maps,https://www.florencecountysc.gov/services/,,,Florence County,2026-06-29,"Official Florence County services page linking GIS Maps and county online services used to anchor SCDES permit-copy requests",high
sc_sumter_parcel_01,SC,official_county,Sumter County South Carolina,Property Online Services,https://www.sumtercountysc.gov/online_services/property/index.php,,,Sumter County,2026-06-29,"Official Sumter County property online services page linking property cards and real property search before SCDES permit-copy requests",high
al_01,AL,official_state,Alabama Department of Public Health,Soil and Onsite Sewage,https://www.alabamapublichealth.gov/onsite/index.html,,,state,2026-03-10,"Official ADPH Soil and Onsite Sewage branch page stating that the onsite sewage program is coordinated in county health departments and that the branch establishes requirements for design, permitting, installation, approval, and use of onsite sewage systems",high
al_02,AL,official_state,Alabama Department of Public Health,Can I Live On This Lot?,https://www.alabamapublichealth.gov/onsite/before-construction.html,,,state,2026-03-10,Official ADPH before-construction page stating that soil testing or a percolation test may be required when sewer is unavailable and that homeowners must submit an Application for a Permit to Install to the local county health department before construction begins,high
al_03,AL,official_state,Alabama Department of Public Health,Septic Tank Systems,https://www.alabamapublichealth.gov/onsite/septic-tanks.html,,,state,2026-03-10,"Official ADPH septic tank systems page stating that property owners or their agents can request septic tank information from the local health department, that non-owners can use the Records Request path for a permit copy, and that the completed permit or Approval for Use includes a system diagram and other installation information",high
al_04,AL,official_state,Alabama Department of Public Health,Locations,https://www.alabamapublichealth.gov/about/locations.html,,,state,2026-03-10,"Official ADPH locations page listing all Alabama county health departments and public health districts so homeowners can identify the local office handling onsite sewage questions, files, and permitting contacts",high
al_baldwin_01,AL,official_local,Alabama Department of Public Health Baldwin County,Contact Us,https://www.alabamapublichealth.gov/baldwin/contact.html,,,Baldwin County,2026-04-04,Official Baldwin County health-department contact page listing environmental office phone lines and office locations used for septic and environmental questions in Robertsdale and Bay Minette,high
al_madison_01,AL,official_local,Alabama Department of Public Health Madison County,Environmental Services,https://www.alabamapublichealth.gov/madison/environmental-services.html,,,Madison County,2026-04-04,Official Madison County environmental-services page stating that Community and Environmental Protection includes Soil and Onsite Sewage and providing the county environmental-health phone number for local permitting and septic questions,high
il_01,IL,official_state,Illinois Department of Public Health,Private Sewage Disposal,https://dph.illinois.gov/topics-services/environmental-health-protection/private-sewage-disposal.html,,,state,2026-03-10,Official IDPH homeowner page stating that Illinois regulates private sewage disposal systems and that about 90 local health departments review construction plans either by local ordinance or as state agents,high
il_02,IL,official_state,Illinois Department of Public Health,Regional Health Departments,https://dph.illinois.gov/contact-us/regional-health-departments.html,,,state,2026-03-10,Official IDPH local-office directory and map for regional and local health departments that route homeowners to the county or local office holding the practical file,high
il_03,IL,official_state,Illinois Department of Public Health,Laws and Rules,https://dph.illinois.gov/resource-center/laws-rules.html,,,state,2026-03-10,"Official IDPH laws-and-rules page linking the Private Sewage Disposal Licensing Act, Private Sewage Disposal Code, and Private Sewage Mound Code",high
il_04,IL,official_state,Illinois Department of Public Health,Private Sewage Disposal System Evaluation Form,https://dph.illinois.gov/content/dam/soi/en/web/idph/files/forms/private-sewage-disposal-system-evaluation-form-8-19-2016.pdf,,,state,2026-03-10,Official IDPH evaluation-form PDF stating that systems with flagged conditions may need repair or replacement and can fail a simple low-end assumption,high
md_01,MD,official_state,Maryland Department of the Environment,On-Site Systems,https://mde.maryland.gov/programs/water/BayRestorationFund/OnsiteDisposalSystems/Pages/OnsiteSystems.aspx,,,state,2026-03-10,Official MDE onsite-systems page stating that the division gives technical assistance to county health departments and local approving authorities and that service-provider registration and PTI licensing apply in the current program structure,high
md_02,MD,official_state,Maryland Department of the Environment,Local Approving Authorities,https://mde.maryland.gov/programs/water/BayRestorationFund/OnsiteDisposalSystems/Pages/LocalApprovingAuthorities.aspx,,,state,2026-03-10,Official MDE local approving authority directory for counties and local offices handling onsite-system questions and files,high
md_03,MD,official_state,Maryland Department of the Environment,On-Site PTIs,https://mde.maryland.gov/programs/water/BayRestorationFund/OnsiteDisposalSystems/Pages/On-Site-PTIs.aspx,,,state,2026-03-10,Official MDE page describing property transfer inspector licensing and the PTI role in Maryland transfer and inspection workflow,high
md_04,MD,official_state,Maryland Department of the Environment,Guidance for Conducting Inspections of On-site Systems for Property Transfer,https://mde.maryland.gov/programs/Water/BayRestorationFund/OnsiteDisposalSystems/Documents/Onsite%20Systems/MDE%20Guidance%20for%20Conducting%20Inspections%20of%20On-site%20systems%20for%20Property%20Transfer.pdf,,,state,2026-03-10,"Official MDE property-transfer guidance PDF stating that a proper PTI includes a file search, homeowner interview, onsite evaluation, and a report and that file access may require a Public Information Act request",high
wi_01,WI,official_state,Wisconsin Department of Safety and Professional Services,Private Onsite Wastewater Treatment Systems (POWTS),https://dsps.wi.gov/Pages/Programs/POWTS/Default.aspx,,,state,2026-03-10,"Official DSPS POWTS program page stating that counties have primary inspection responsibility, sanitary permit applications are submitted to the county, and plan reviews may route through delegated counties or the department",high
wi_02,WI,official_state,Wisconsin Department of Safety and Professional Services,POWTS Maintenance Program Brochure,https://dsps.wi.gov/Documents/Programs/POWTS/POWTSMaintenanceProgramBrochure.pdf,,,state,2026-03-10,Official DSPS brochure stating that all POWTS entered the maintenance-tracking program on October 1 2019 and that systems are visually inspected at least once every three years,high
wi_03,WI,official_state,Wisconsin Department of Safety and Professional Services,POWTS Inspection Report,https://dsps.wi.gov/Documents/Programs/POWTS/SBD6710.pdf,,,state,2026-03-10,Official DSPS inspection-report form used in the POWTS permit and inspection workflow,high
wi_04,WI,official_state,Wisconsin Department of Safety and Professional Services,Designated Agents,https://dsps.wi.gov/Documents/Programs/DelegatedAgent/DesignatedAgents.pdf,,,state,2026-03-10,Official DSPS delegated-agent PDF listing county and local contacts for POWTS review and permit routing,high
la_01,LA,official_state,Louisiana Department of Health,Wastewater Program,https://ldh.la.gov/page/wastewater,,,state,2026-03-10,"Official LDH wastewater program page describing parish sanitarians, homeowner maintenance responsibility, and onsite wastewater permitting through parish health units",high
la_02,LA,official_state,Louisiana Department of Health,Permit Application Information,https://ldh.la.gov/page/permit-application-information,,,state,2026-03-10,Official LDH permit-application page for onsite wastewater approvals and application routing,high
la_03,LA,official_state,Louisiana Department of Health,Septic Tank Application Packet,https://ldh.la.gov/assets/oph/Center-EH/sanitarian/onsitewastewater/AppPackSepticTankSecTreat.pdf,,,state,2026-03-10,"Official LDH application packet PDF stating that community sewer must be used when available, that the homeowner must be the applicant, and that a legible property plat is required",high
la_04,LA,official_state,Louisiana Department of Health,Directory,https://ldh.la.gov/directory/,,,state,2026-03-10,Official LDH directory for parish and local health-unit contact routing,high
in_01,IN,official_state,Indiana Department of Health,Onsite Sewage Systems Program,https://www.in.gov/health/eph/onsite-sewage-systems-program/,,,state,2026-03-10,Official IDOH onsite sewage systems page stating that onsite sewage systems are prohibited where sanitary sewer is available within a reasonable distance and linking the statewide residential rule and related materials,high
in_02,IN,official_state,Indiana Department of Health,Environmental Territory Contacts by County,https://www.in.gov/health/reports/EPH/contacts.htm,,,state,2026-07-10,Official IDOH county-contacts page for environmental health territory staff and county-level onsite sewage routing,high
in_03,IN,official_state,Indiana Department of Health,410 IAC 6-8.3 Residential Onsite Sewage Systems,https://www.in.gov/health/eph/files/410-IAC-6-8_3-for-publication-2024-03-28.pdf,,,state,2026-07-10,"Official Indiana rule PDF stating that the residential onsite sewage program is administered by local boards of health, defining operating permits, and using 150 gallons per day per bedroom for residential design flow",high
in_04,IN,official_state,Indiana Department of Health,Technical Review Panel for Residential Onsite Sewage Systems,https://www.in.gov/health/eph/onsite-sewage-systems-program/technical-review-panel/,,,state,2026-03-10,Official IDOH technical-review page stating that local health departments may have more stringent ordinances or may vary in interpretation from the state minimums,high
in_howard_01,IN,official_county,Howard County Health Department,On-Site Sewage Systems,https://www.in.gov/localhealth/howardcounty/environmental-health/on-site-sewage-systems/,,,Howard County,2026-04-04,"Howard County Environmental Health page with septic permit application, existing-system approval process, inspection forms, and OSS homeowner checklist",high
in_floyd_01,IN,official_county,Floyd County Health Department,Septic Systems,https://www.in.gov/counties/floyd/health-department/environmental-health/septic-systems/,,,Floyd County,2026-04-04,"Floyd County onsite sewage page with new construction, repair and replacement applications, permit fees, and records-request instructions",high
in_floyd_02,IN,official_county,Floyd County Health Department,Public Records Request,https://www.in.gov/counties/floyd/health-department/public-records-request/,,,Floyd County,2026-04-04,Floyd County public records request page used to request septic records retained by the health department,high
in_noble_01,IN,official_county,Noble County Health Department,Septic Sanitation Information,https://www.in.gov/localhealth/noblecounty/septic-and-wastewater/septic-sanitation-information,,,Noble County,2026-04-04,"Noble County septic and wastewater page with permit instructions, contact details, inspection form, and septic search form",high
in_wayne_01,IN,official_county,Wayne County Health Department,On-Site Sewage,https://secure.in.gov/localhealth/waynecounty/environmental-health/on-site-sewage/,,,Wayne County,2026-04-04,"Wayne County on-site sewage page with permit guidance, inspection requirements for connections to existing systems, and local form links",high
in_wayne_02,IN,official_county,Wayne County Health Department,Septic Location Request Form,https://secure.in.gov/localhealth/waynecounty/files/Septic-Location-Request.pdf,,,Wayne County,2026-04-04,Wayne County septic location request form for retrieving onsite system location information from the county health department,high
ok_01,OK,official_state,Oklahoma Department of Environmental Quality,Environmental Complaints and Local Services,https://www.deq.ok.gov/divisions/environmental-complaints-and-local-services/,,,state,2026-03-10,Official DEQ ECLS page stating that the division administers the state's onsite sewage treatment program and serves homeowners through 21 local offices,high
ok_02,OK,official_state,Oklahoma Department of Environmental Quality,On-site Sewage Treatment System,https://www.deq.ok.gov/environmental-complaints-and-local-services/environmental-complaints-and-local-services-division/on-site-sewage-treatment-system/,,,state,2026-03-10,"Official DEQ homeowner page stating that local offices provide soil profiles, final inspections, existing-system inspections, and authorizations or permits to construct based on soil results, property size, and bedroom count",high
ok_03,OK,official_state,Oklahoma Department of Environmental Quality,On-site Sewage Request for Service,https://applications.deq.ok.gov/sewagepermit/,,,state,2026-03-10,"Official DEQ request-for-service page listing soil tests, authorizations or permits to construct, and existing-system evaluations as homeowner request options and requiring a 641-581 report for a constructed and operating system",high
ok_04,OK,official_state,Oklahoma Department of Environmental Quality,Frequently Asked Questions,https://www.deq.ok.gov/external-affairs-division/frequently-asked-questions/,,,state,2026-03-10,Official DEQ FAQ page directing homeowners to contact the DEQ Environmental Specialist by county for soil-test requests and other onsite sewage questions,high
ok_05,OK,official_state,Oklahoma Department of Environmental Quality,Certified Soil Profilers,https://www.deq.ok.gov/environmental-complaints-and-local-services/environmental-complaints-and-local-services-division/on-site-sewage-treatment-system/certified-soil-profilers/,,,state,2026-03-10,"Official DEQ soil-profilers page stating that perc tests fit only certain conventional paths while soil profiles are used for all approved systems and that topography, water usage, and future land use also affect system choice",high
ky_01,KY,official_state,Kentucky Department for Public Health,Onsite Sewage Disposal Systems Program,https://www.chfs.ky.gov/agencies/dph/dphps/emb/Pages/environmentmgmt.aspx,,,state,2026-03-10,Official Kentucky program page stating that the onsite sewage disposal systems program is administered through local health departments and begins with onsite evaluations of site and soil suitability,high
ky_02,KY,official_state,Kentucky Department for Public Health,Kentucky Local Health Department Listing,https://www.chfs.ky.gov/agencies/dph/dmch/nsb/Documents/KY%20LHD%20Listing.pdf,,,state,2026-03-10,Official Kentucky local-health listing PDF for routing homeowners to the department holding the practical onsite sewage file,high
ky_03,KY,official_state,Kentucky Department for Public Health,So You Want to Install an Onsite Sewage Disposal System,https://www.chfs.ky.gov/agencies/dph/dphps/emb/Documents/onsitebrochure.pdf,,,state,2026-03-10,Official Kentucky homeowner brochure stating that the application for site evaluation and the OSDS construction permit are submitted through the local health department,high
ky_04,KY,official_state,Kentucky Department for Public Health,Local Health Departments,https://www.chfs.ky.gov/agencies/dph/dafm/Pages/lhd.aspx,,,state,2026-03-10,Official Kentucky local-health page linking all local health departments that carry the onsite sewage workflow across the state,high
mn_01,MN,official_state,Minnesota Pollution Control Agency,Subsurface sewage treatment systems,https://www.pca.state.mn.us/water/subsurface-sewage-treatment-systems,,,state,2026-03-10,"Official MPCA page stating that more than 600,000 homes and businesses use septic systems in Minnesota and that statewide septic rules are implemented and enforced through local ordinances",high
mn_02,MN,official_state,Minnesota Pollution Control Agency,Local septic system programs,https://www.pca.state.mn.us/business-with-us/local-septic-system-programs,,,state,2026-03-10,"Official MPCA local-program page stating that about 200 local SSTS programs review permits, inspect new and replacement systems, and that some local governments require compliance inspections prior to property transfer",high
mn_03,MN,official_state,Minnesota Pollution Control Agency,Disclosing SSTS at property transfer,https://www.pca.state.mn.us/sites/default/files/wq-wwists6-11.pdf,,,state,2026-03-10,"Official MPCA disclosure PDF stating that sellers must disclose septic status in writing, that no statewide compliance inspection is required before sale, and that disclosure is not the same as a compliance inspection",high
mn_04,MN,official_state,Minnesota Revisor of Statutes,115.55 Individual sewage treatment systems,https://www.revisor.mn.gov/statutes/cite/115.55,,,state,2026-03-10,Official Minnesota statute requiring seller disclosure of septic status and attachment of any prior inspection report in the seller's possession,high
ar_01,AR,official_state,Arkansas Department of Health,Onsite Wastewater,https://healthy.arkansas.gov/programs-services/topics/onsite-wastewater/,,,state,2026-03-10,Official Arkansas onsite-wastewater program page stating that ADH provides technical assistance to county Environmental Health Specialists and reviews permit applications under the state onsite wastewater rules,high
ar_02,AR,official_state,Arkansas Department of Health,Onsite Wastewater Frequently Asked Questions,https://healthy.arkansas.gov/programs-services/topics/onsite-wastewater-frequently-asked-questions/,,,state,2026-03-10,"Official Arkansas FAQ page stating that homeowners start by calling the county health unit and asking for the Onsite Environmental Specialist, that permit copies come through the local health unit, and that system space depends on soil suitability and number of bedrooms rather than a fixed minimum lot size",high
ar_03,AR,official_state,Arkansas Department of Health,Local Health Units,https://healthy.arkansas.gov/local-health-units/,,,state,2026-03-10,Official Arkansas local-health-units page for finding the county office holding the practical onsite wastewater file,high
ar_04,AR,official_state,Arkansas Department of Health,Rules Pertaining to Onsite Wastewater Systems,https://healthy.arkansas.gov/wp-content/uploads/Onsite-Wastewater-Rule.pdf,,,state,2026-03-10,Official Arkansas onsite wastewater rules PDF used as the statewide rule context behind county health permit and review workflow,high
ms_01,MS,official_state,Mississippi State Department of Health,On-site Wastewater,"https://msdh.ms.gov/page/44,0,112.html",,,state,2026-03-10,Official Mississippi onsite-wastewater page stating that environmentalists conduct site evaluations and provide a Permit or Recommendation required to obtain a water meter and proceed with system installation,high
ms_02,MS,official_state,Mississippi State Department of Health,On-site Wastewater Online Application FAQ,"https://msdh.ms.gov/page/44,0,112,1052.html",,,state,2026-03-10,"Official Mississippi online-application FAQ stating that the onsite wastewater division operates entirely in public records, that permit records can be researched if they exist, and that older properties may have no permit file available",high
ms_03,MS,official_state,Mississippi State Department of Health,County Health Departments,"https://msdh.ms.gov/msdhsite/index.cfm/19,0,166,html",,,state,2026-03-10,Official Mississippi county-health-departments page for routing homeowners to the office holding the practical onsite wastewater file,high
ms_04,MS,official_state,Mississippi State Department of Health,Public Records Requests,"https://msdh.ms.gov/page/19,23308,166,625.html",,,state,2026-03-10,Official Mississippi public-records requests page explaining how to request records from MSDH when the online or county file path is not enough,high
ia_01,IA,official_state,Iowa Department of Natural Resources,Private Sewage Disposal and Septage,https://www.iowadnr.gov/environmental-protection/water-quality/wastewater/septic-private-sewage-systems/private-sewage-disposal-and-septage,,,state,2026-03-10,Official Iowa DNR homeowner page stating that county environmental health offices issue permits and that the county sanitarian uses soils and site conditions to determine the appropriate system path,high
ia_02,IA,official_state,Iowa Department of Natural Resources,Time of Transfer Inspections,https://www.iowadnr.gov/environmental-protection/water-quality/wastewater/septic-private-sewage-systems/time-of-transfer-inspections,,,state,2026-03-10,"Official Iowa DNR transfer page stating that a time-of-transfer inspection is required before property transfer and outlining the compliance, upgrade, escrow, and waiver paths",high
ia_03,IA,official_state,Iowa Department of Natural Resources,Open County Search,https://programs.iowadnr.gov/opencountysearch/,,,state,2026-03-10,Official Iowa DNR county-search tool that helps homeowners identify the county office and records path tied to a property file,high
ks_01,KS,official_state,K-State Research and Extension,Wastewater Systems Bulletin 4-2,https://bookstore.ksre.ksu.edu/download/wastewater-systems-bulletin-4-2_LM645.pdf,,,state,2026-03-10,Official K-State bulletin stating that local sanitary codes vary from county to county and that soil profile and site conditions determine the practical system path,high
ks_02,KS,official_state,Kansas Department of Health and Environment,Local Environmental Protection Program,https://www.kdhe.ks.gov/879/Local-Environmental-Protection-Program,,,state,2026-03-10,Official KDHE page stating that the Local Environmental Protection Program assists county and local governments with management of private wastewater systems,high
ks_03,KS,official_state,Kansas Department of Health and Environment,Local Sanitary Codes in Kansas,https://www.kdhe.ks.gov/DocumentCenter/View/7223/Local-Sanitary-Codes-in-Kansas-PDF,,,state,2026-03-10,"Official KDHE PDF listing counties and cities that adopt sanitary codes, which helps identify the real local rule set before pricing the job",high
ks_04,KS,official_state,Kansas Administrative Regulations,Private Sewage Systems Rules,https://www.kansas.gov/kar/amrviewer.do?groupName=28-5,,,state,2026-03-10,Official Kansas regulations page for the 28-5 private sewage system rules that sit behind local code and site-evaluation workflow,high
ne_01,NE,official_state,Nebraska Department of Health and Human Services,Onsite Wastewater Program,https://dhhs.ne.gov/Pages/Onsite-Wastewater-Program.aspx,,,state,2026-03-10,Official Nebraska DHHS program page stating that the department administers permitting and inspection of registered onsite wastewater treatment systems and installers,high
ne_02,NE,official_state,Nebraska Department of Health and Human Services,Onsite Wastewater Systems Just for Homeowners,https://dhhs.ne.gov/Pages/Onsite-Wastewater-Systems-Just-for-Homeowners.aspx,,,state,2026-03-10,Official Nebraska DHHS homeowner page stating that homeowners can search registered systems from 2004 forward and that local requirements may still apply,high
ne_03,NE,official_state,Nebraska Department of Health and Human Services,Onsite Wastewater System Construction Permit Requirements,https://dhhs.ne.gov/Pages/Onsite-Wastewater-System-Construction-Permit-Requirements.aspx,,,state,2026-03-10,"Official Nebraska DHHS permit page stating that a construction permit is required before construction, installation, reconstruction, or alteration of a registered onsite wastewater treatment system",high
ne_04,NE,official_state,Nebraska Department of Health and Human Services,Onsite Wastewater System Fees and Permits,https://dhhs.ne.gov/Pages/Onsite-Wastewater-System-Fees-and-Permits.aspx,,,state,2026-03-10,Official Nebraska DHHS fees-and-permits page linking the construction permit form and the current filing path for homeowners and installers,high
nm_01,NM,official_state,New Mexico Environment Department,Information for Homeowners About Liquid Waste Systems,https://www.env.nm.gov/liquid_waste/information-for-homeowners-about-liquid-waste-systems/,,,state,2026-03-10,Official New Mexico homeowner page that includes a homeowner notice when buying a home connected to a liquid waste system,high
nm_02,NM,official_state,New Mexico Environment Department,Onsite Liquid Waste Permitting Process,https://www.env.nm.gov/liquid_waste/onsite-liquid-waste-permitting-process/,,,state,2026-03-10,Official New Mexico permitting page describing homeowner and contractor responsibilities in the onsite liquid waste permitting process,high
nm_03,NM,official_state,New Mexico Environment Department,Forms and Applications,https://www.env.nm.gov/liquid_waste/forms-and-applications/,,,state,2026-03-10,"Official New Mexico forms page collecting liquid-waste applications, homeowner forms, and transfer paperwork used in the permit and file workflow",high
nm_04,NM,official_state,New Mexico Environment Department,Permit Search Request Form,https://www.env.nm.gov/liquid_waste/permit-search-request-form/,,,state,2026-03-10,"Official New Mexico permit-search request form used to retrieve a liquid-waste permit file by address, owner, or permit number",high
ut_01,UT,official_state,Utah Department of Environmental Quality,Onsite Wastewater Program,https://deq.utah.gov/water-quality/onsite-wastewater-program,,,state,2026-03-10,"Official Utah DEQ page stating that the onsite wastewater program includes review of onsite septic designs and plans, operating permits, and related homeowner assistance",high
ut_02,UT,official_state,Utah Department of Environmental Quality,Local Health Departments and District Engineers,https://deq.utah.gov/general/local-health-departments-and-district-engineers,,,state,2026-03-10,Official Utah DEQ page listing the 13 local health departments and district engineers that help with local wastewater issues,high
ut_03,UT,official_state,Utah Department of Environmental Quality,Wastewater Treatment and Disposal Systems Operating Permits,https://deq.utah.gov/water-quality/wastewater-treatment-and-disposal-systems-operating-permits,,,state,2026-03-10,Official Utah DEQ page stating that counties and health districts have been urged to administer the operating permit program to provide more local control,high
ut_04,UT,official_state,Utah Administrative Rules,Rule R317-4 Onsite Wastewater Systems,https://rules.utah.gov/publicat/bulletin/2013/20130515/37575.htm,2013-08-07,final,state,2026-03-10,Official Utah rule text stating that local health departments have jurisdiction to administer R317-4 and that soil logs and percolation test results are submitted to the regulatory authority,high
ut_05,UT,official_state,Utah Department of Environmental Quality,Onsite Wastewater Application Forms,https://deq.utah.gov/water-quality/application-forms-for-onsite-professionals-onsite-wastewater-program,,,state,2026-03-10,"Official Utah DEQ forms page for onsite wastewater applications, certifications, and related filing steps",high
wv_01,WV,official_state,West Virginia Office of Environmental Health Services,On-Site Wastewater Management,https://oehs.wvdhhr.org/phs/on-site-wastewater-management/,,,state,2026-03-10,Official West Virginia OEHS page stating that the program provides regulatory interpretation and technical assistance on conventional and non-conventional sewage treatment systems,high
wv_02,WV,official_state,West Virginia Office of Environmental Health Services,Apply for a License Permit or Certification - Sewage,https://oehs.wvdhhr.org/phs/on-site-wastewater-management/apply-for-a-license-permit-or-certification-sewage/,,,state,2026-03-10,Official West Virginia sewage-permit page covering application review and permit issuance for installation of new individual sewage disposal systems and home aeration units,high
wv_03,WV,official_state,West Virginia Office of Environmental Health Services,General Environmental Health,https://oehs.wvdhhr.org/phs/general-environmental-health/,,,state,2026-03-10,Official West Virginia environmental-health page stating that local health departments permit and inspect many facilities and that permit or operational questions should go to the local health department,high
wv_04,WV,official_state,West Virginia Department of Health,Contact Us,https://health.wv.gov/contact-us,,,state,2026-03-10,Official West Virginia Department of Health contact page stating that FOIA requests for public records should be directed to DHFOIA@wv.gov,high
sd_01,SD,official_state,South Dakota Plumbing Commission,South Dakota Plumbing Commission,https://dlr.sd.gov/plumbing/default.aspx,,,state,2026-03-10,"Official South Dakota Plumbing Commission page stating that the commission administers state plumbing laws and regulations, inspects plumbing installations, and licenses individual and small on-site wastewater system installers",high
sd_02,SD,official_state,South Dakota Plumbing Commission,Homeowner Plumbing,https://dlr.sd.gov/plumbing/homeowner_plumbing.aspx,,,state,2026-03-10,"Official South Dakota homeowner plumbing page stating that owner-occupants need a Homeowner Plumbing Installation Certificate, must provide proof of ownership, and need underground, rough-in, and final inspections",high
sd_03,SD,official_state,South Dakota Plumbing Commission,Inspections,https://dlr.sd.gov/plumbing/inspections.aspx,,,state,2026-03-10,Official South Dakota inspections page stating that plumbing inspection certificates are required for all plumbing installations except certain cities with their own inspection requirements and listing the state inspection regions,high
sd_04,SD,official_state,South Dakota Department of Environment and Natural Resources,One Stop Environmental Permitting and Regulation Guide,https://danr.sd.gov/OfficeOfWater/WaterRights/docs/envprmitguide.pdf,2018-01-01,final,state,2026-03-10,"Official South Dakota permitting guide stating that ARSD 74:53:01 and 74:53:02 are the state's minimum onsite wastewater requirements, that local governments may have more stringent regulations, and that the department should be contacted before installation of new onsite systems except conventional systems serving an individual residence",high
sd_05,SD,official_state,South Dakota Plumbing Commission,Licensing Requirements,https://dlr.sd.gov/plumbing/licensing.aspx,,,state,2026-03-10,Official South Dakota licensing page stating that the individual and small on-site wastewater system installer's license requires submission of the onsite wastewater certification application,high
id_01,ID,official_state,Idaho Department of Environmental Quality,Septic and Septage,https://www.deq.idaho.gov/water-quality/wastewater/septic-and-septage/,,,state,2026-03-10,"Official Idaho DEQ page stating that Idaho's seven public health districts administer septic rules under an MOU with DEQ, permit and inspect septic systems, and conduct site evaluations for a fee",high
id_02,ID,official_state,Idaho Department of Health and Welfare,Public Health Districts,https://healthandwelfare.idaho.gov/health-wellness/community-health/public-health-districts,,,state,2026-03-10,Official Idaho DHW page listing the seven public health districts that act as the local environmental health authorities for septic workflow in Idaho,high
id_03,ID,official_state,Central District Health,Septic Systems Search,https://cdh.idaho.gov/environmental-health/water-wastewater-septic/septic-system-and-septic-system-search/,,,state,2026-03-10,"Official Central District Health records-search page stating that septic records in its database date back to 1971, that some older permits may not appear, and that alternate old-record searches may be needed",high
id_04,ID,official_state,Eastern Idaho Public Health,Septic,https://eiph.id.gov/environmental-health/septic/,,,state,2026-03-10,"Official Eastern Idaho Public Health septic page stating that the district reviews applications, performs onsite evaluations, issues wastewater permits, conducts inspections, and that a valid installation permit is required for modifications, repair, or construction",high
id_05,ID,official_state,Idaho Department of Environmental Quality,A Homeowner's Guide to Septic Systems,https://cdh.idaho.gov/wp-content/uploads/2023/10/Homeowners-Guide-to-Septic-Systems.pdf,2001-01-01,final,state,2026-03-10,"Official Idaho homeowner guide stating that permit applications are available from the local district health department, that a site evaluation should be performed before buying property and applying for a permit, and that the system should be installed by a licensed installer and inspected by the local health district",high
nv_01,NV,official_state,Nevada Division of Environmental Protection,Onsite Sewage Disposal System Program,https://ndep.nv.gov/water/water-pollution-control/permitting/onsite-sewage-disposal-system-program/,,,state,2026-03-10,"Official NDEP OSDS page stating that Washoe County systems are permitted by NDEP, Clark County systems below 3,000 gallons are permitted by Southern Nevada Health District, and Nye County systems below 3,000 gallons are permitted by Nye County Building Safety, with a nitrogen-management wrinkle in Pahrump",high
nv_02,NV,official_state,Nevada Division of Public and Behavioral Health,Individual Sewage Disposal Systems - Permits,https://www.dpbh.nv.gov/regulatory/environmental-health/individual-sewage-disposal-systems/permits/,,,state,2026-03-10,"Official Nevada permits page stating that approval must be obtained to construct, alter, or extend an individual sewage disposal system, that percolation test and soil profile data are part of the submittal, that occupancy requires inspection and as-built plans, and that replacement requires a permit",high
nv_03,NV,official_state,Nevada Division of Public and Behavioral Health,Environmental Health Individual Sewage Disposal Systems Home,https://www.dpbh.nv.gov/Reg/ISDS/Individual_Sewage_Disposal_Systems_-_Home,,,state,2026-03-10,"Official Nevada ISDS home page stating that the policy is to prevent health and safety hazards by regulating planning, design, construction, operation, and maintenance of individual residential and commercial sewage disposal systems",high
nv_04,NV,official_state,Nevada Division of Environmental Protection,Nevada Division of Environmental Protection Public Records Request,https://ndep.nv.gov/resources/public-records-request,,,state,2026-03-10,Official NDEP records page stating that requests can be submitted online or in writing and that the records coordinator will advise whether files exist and how to view or copy them,high
nv_05,NV,official_state,Nevada Division of Environmental Protection,NDEP Public Document Search,https://ob.nv.gov/ndep/new/,,,state,2026-03-10,Official NDEP document search tool described by NDEP as a way to access thousands of official state records and permit-related files online,high
de_01,DE,official_state,Delaware Department of Natural Resources and Environmental Control,Septic Systems,https://dnrec.delaware.gov/environmental-protection/water/wastewater/septic-systems/,,,state,2026-03-10,Official Delaware septic hub linking applications and permits plus searchable site-evaluation and inspection reports for homeowners,high
de_02,DE,official_state,Delaware Department of Natural Resources and Environmental Control,Site Evaluation Reports,https://dnrec.delaware.gov/environmental-protection/water/wastewater/septic-systems/site-evaluation-reports/,,,state,2026-03-10,Official DNREC search page for site evaluation reports tied to Delaware septic workflow,high
de_03,DE,official_state,Delaware Department of Natural Resources and Environmental Control,Inspection Reports,https://dnrec.delaware.gov/environmental-protection/water/wastewater/septic-systems/inspection-reports/,,,state,2026-03-10,Official DNREC search page for inspection reports tied to Delaware septic workflow,high
de_04,DE,official_state,Delaware Department of Natural Resources and Environmental Control,Ground Water Discharges Section Laws and Regulations,https://dnrec.delaware.gov/environmental-protection/water/wastewater/ground-water-discharges-section-laws-regulations/,,,state,2026-03-10,Official DNREC laws page linking Regulations 7101 and 7102 for onsite wastewater treatment and disposal systems,high
de_05,DE,official_state,Delaware Department of Natural Resources and Environmental Control,FOIA Request,https://dnrec.delaware.gov/foia-request/,,,state,2026-03-10,Official DNREC FOIA request page for pulling agency records when the routine septic report lookup is not enough,high
de_06,DE,official_local,Sussex County Delaware,Septic System Permits,https://sussexcountyde.gov/septic-system-permits,,,Sussex County,2026-03-10,"Official county permit page stating that no individual on-site wastewater treatment and disposal system may be installed without a permit, that applications are required before construction repair replacement or alteration, and that additions or major changes may require a county building permit before DNREC review",high
ak_01,AK,official_state,Alaska Department of Environmental Conservation,Installing or Upgrading a Septic System,https://dec.alaska.gov/water/wastewater/engineering/homeowners,,,state,2026-03-10,"Official Alaska homeowner page stating that all septic systems are subject to Chapter 72, that engineers are required for multi-building higher-flow or nonconventional conditions, and that approved homeowners must submit soil work, installation notice, and construction documentation",high
ak_02,AK,official_state,Alaska Department of Environmental Conservation,Buying a Home,https://dec.alaska.gov/water/wastewater/engineering/buying-a-home,,,state,2026-03-10,Official Alaska buyer page telling homeowners to check records with the local DEC office or Municipality of Anchorage and to review system age size and location before purchase,high
ak_03,AK,official_state,Alaska Department of Environmental Conservation,Onsite Wastewater Systems in Real Estate Transactions,https://dec.alaska.gov/water/wastewater/engineering/real-estate-info,,,state,2026-03-10,Official Alaska real-estate page stating that septic document retrieval carries a $25 fee and that old legal descriptions or lot-line changes can affect the onsite wastewater file,high
ak_04,AK,official_state,Alaska Department of Environmental Conservation,Engineering Support and Plan Review,https://dec.alaska.gov/water/wastewater/engineering/,,,state,2026-03-10,"Official Alaska program page stating that onsite wastewater files from Wasilla and Juneau are being scanned, that retrieval can take up to two weeks, and that difficult site conditions can require alternative systems",high
ak_05,AK,official_state,Alaska Department of Environmental Conservation,Title 18 Environmental Conservation Chapter 72,https://dec.alaska.gov/media/18535/03-08-18aac72.pdf,,,state,2026-03-10,"Official Alaska regulations PDF stating that permit or approval must be obtained before construction, that permit applications go to the office nearest the worksite, and that a person may not use a cesspool for domestic wastewater treatment or disposal",high
hi_01,HI,official_state,Hawaii Department of Health,General Info and FAQ,https://health.hawaii.gov/wastewater/home/general-info-and-faq/,,,state,2026-03-10,"Official Hawaii wastewater FAQ stating that every cesspool must be upgraded by 2050, listing early upgrade triggers, directing homeowners to request records, and telling applicants to call the local wastewater branch office with the TMK for status help",high
hi_02,HI,official_state,Hawaii Department of Health,Individual Wastewater Systems,https://health.hawaii.gov/wastewater/home/iws/,,,state,2026-03-10,"Official Hawaii homeowner IWS page stating that plans are submitted online by the engineer after site work, that the contractor must hold specified license classes, and that the branch issues an approval-to-use letter after final inspection paperwork is accepted",high
hi_03,HI,official_state,Hawaii Department of Health,Chapter 11-62 Hawaii Administrative Rules,https://health.hawaii.gov/wastewater/home/rule/,,,state,2026-03-10,Official Hawaii wastewater rules page stating that the director reviews all individual wastewater systems before signing a related county building permit application and that the application includes the TMK and system details,high
hi_04,HI,official_state,Hawaii Department of Health,Cesspools in Hawaii,https://health.hawaii.gov/wastewater/home/cesspools/,,,state,2026-03-10,Official Hawaii cesspool page stating that Act 125 requires replacement of all cesspools by 2050 and describing statewide environmental and public-health impact,high
hi_05,HI,official_local,Hawaii Department of Health Kauai District Health Office,Wastewater Branch,https://health.hawaii.gov/kauai/wastewater-branch/,,,Kauai,2026-03-10,Official Kauai wastewater office page showing that district offices answer public-record requests for IWS records and review county building permits and wastewater plans for compliance with HAR 11-62,high
me_01,ME,official_state,Maine Center for Disease Control and Prevention,"(A, B, C, D) Resources: Permit Search, Financial, Tips for Septic Systems, FAQs",https://www.maine.gov/dhhs/mecdc/services/business-services/hydrology-and-wastewater/a-b-c-d-resources,,,state,2026-03-10,"Official Maine wastewater resources page stating that homeowners should visit the town office for the HHE-200 form first, that an online septic permit search may also help, and that site evaluation and installation permits are often paired",high
me_02,ME,official_state,Maine Center for Disease Control and Prevention,Frequently asked questions about septic systems and wells,https://www.maine.gov/dhhs/mecdc/environmental-health/plumb/documents/pdf/faqs.pdf,,,state,2026-03-10,Official Maine FAQ PDF stating that the fastest option is to visit the town office for the HHE-200 design and permit application and that statewide database availability is not guaranteed for all septic designs,high
me_03,ME,official_state,Maine Center for Disease Control and Prevention,HHE 200-204 Updates,https://www.maine.gov/dhhs/mecdc/services/business-services/hydrology-and-wastewater/subsurface-wastewater-system-permitting/HHE-200-204,,,state,2026-03-10,"Official Maine HHE update page stating that since July 1 1974 a town office should keep copies of approved HHE-200 forms, that the state is digitizing those permits, and that the issuing town office relies on the installer portion during Local Plumbing Inspector inspections",high
me_04,ME,official_state,Maine Center for Disease Control and Prevention,Subsurface Wastewater Licensing and Certification,https://www.maine.gov/dhhs/mecdc/services/business-services/hydrology-and-wastewater/subsurface-wastewater-licensing-certification,,,state,2026-03-10,Official Maine licensing page stating that a Local Plumbing Inspector performs inspections of licensed work and that HHE-200 forms are the system designs for which permits are issued and inspections are performed,high
me_05,ME,official_state,Maine Center for Disease Control and Prevention,How Do I Find My Permit?,https://www.maine.gov/dhhs/mecdc/environmental-health/plumb/documents/Docuware_Permit_Search_Guide.pdf,,,state,2026-03-10,Official Maine permit-search guide explaining how to search the septic plans database by town address and HHE application type,high
nh_01,NH,official_state,New Hampshire Department of Environmental Services,SSB-14 Transfers of Waterfront Properties with Subsurface Systems,https://www.des.nh.gov/sites/g/files/ehbemt341/files/documents/ssb-14.pdf,,,state,2026-03-10,"Official NHDES fact sheet stating that from 9/1/2024 certain developed protected-shoreland properties with ISDS within 250 feet require septic evaluation and, for older or unapproved systems, designer review",high
nh_02,NH,official_state,New Hampshire Online Forms System,NHDES - Septic (Subsurface),https://onlineforms.nh.gov/nform/home/d59c2b65-8cfd-4b02-a46e-155a22c7fa94,,,state,2026-03-10,Official New Hampshire online forms portal for septic subsurface workflow and NHDES septic filings,high
nh_03,NH,official_state,New Hampshire Department of Environmental Services,The Municipal EcoLink April 2023,https://www.des.nh.gov/sites/g/files/ehbemt341/files/documents/202304-ecolink.pdf,,,state,2026-03-10,"Official NHDES bulletin stating that property owners must have proper septic system permits to utilize properties as intended, proof of an operationally approved septic system may be needed for existing or proposed use, and some expansions require Individual Sewage Disposal System application and approval",high
nh_04,NH,official_state,New Hampshire Department of Environmental Services,The Municipal EcoLink March 2024,https://www.des.nh.gov/sites/g/files/ehbemt341/files/documents/202403-ecolink.pdf,,,state,2026-03-10,Official NHDES bulletin stating that septic system records access is getting easier and faster and that homeowners should check OneStop first,high
nh_05,NH,official_state,New Hampshire Department of Environmental Services,SSB-1 Replacement of a Failed Subsurface Disposal System,https://www.des.nh.gov/sites/g/files/ehbemt341/files/documents/2020-01/ssb-1.pdf,,,state,2026-03-10,Official NHDES fact sheet stating that the town health officer permitted designer or other local official must verify failure in writing for replacement applications and that construction approval is tied to a 90-day completion window,high
ri_01,RI,official_state,Rhode Island Department of Environmental Management,Septic & Onsite Wastewater Treatment Systems,https://dem.ri.gov/environmental-protection-bureau/water-resources/permitting/septic-onsite-wastewater-treatment-owts,,,state,2026-03-10,"Official Rhode Island OWTS hub stating DEM has records of most systems from 1968 forward, that historic and active permit searches are available online, that full-file requests can be made by record request, and that some areas require more advanced technology",high
ri_02,RI,official_state,Rhode Island Department of Environmental Management,OWR Online Permit Searches,https://dem.ri.gov/environmental-protection-bureau/water-resources/permitting/permit-searches,,,state,2026-03-10,Official Rhode Island permit-search page stating that the public can use the active permit search to view application status history materials and approved plans and that historic OWTS permit searches remain available,high
ri_03,RI,official_state,Rhode Island Department of Environmental Management,Onsite Wastewater Treatment Disposal,https://dem.ri.gov/environmental-protection-bureau/compliance-and-inspection/compliance-programs/onsite-wastewater,,,state,2026-03-10,Official Rhode Island compliance page linking the Septic System Checkup handbook and noting that complaints and failure issues are part of the public compliance record,high
ri_04,RI,official_state,Rhode Island Department of Environmental Management,Residential OWTS Suitability Determination Fact Sheet,https://dem.ri.gov/sites/g/files/xkgbur861/files/programs/benviron/water/permits/isds/pdfs/resssdfs.pdf,,,state,2026-03-10,Official Rhode Island fact sheet stating that a suitability determination helps owners know if a renovation will require an OWTS permit and that suitability depends on the size and status of the current system,high
ri_05,RI,official_state,Rhode Island Department of Environmental Management,OWR Permit Application Portal,https://dem.ri.gov/owr-portal,,,state,2026-03-10,Official Rhode Island portal page stating that the public may use the Active Permit Search to view application status history application materials and final permit documents including approved plans and permits,high
vt_01,VT,official_state,Vermont Department of Environmental Conservation,Wastewater System and Potable Water Supply Program,https://dec.vermont.gov/drinking-water-and-groundwater-protection/wastewater-system-and-potable-water-supply-program,,,state,2026-03-10,Official Vermont wastewater program page stating that the program issues wastewater and potable-water permits through five regional offices and pointing landowners to regional office contacts and permitting information,high
vt_02,VT,official_state,Vermont Department of Environmental Conservation,Permit Search Guide,https://dec.vermont.gov/sites/dec/files/dwgwp/documents/Septic-Permit-Search-Guide.pdf,,,state,2026-03-10,Official Vermont permit-search guide explaining how to search for state-issued wastewater and potable-water permits by address permit number or town and how to determine if a state-issued permit exists,high
vt_03,VT,official_state,Vermont Department of Environmental Conservation,Wastewater System & Potable Water Supply Permit Application FAQ,https://dec.vermont.gov/water/forms/ww-systems-applications/faq,,,state,2026-03-10,Official Vermont FAQ stating that applicants should check with the Town the lot is located in and use permit resources to determine whether a wastewater and potable water permit is required,high
vt_04,VT,official_state,Vermont Department of Environmental Conservation,Wastewater System and Potable Water Supply Rules Effective 11/06/2023,https://dec.vermont.gov/sites/dec/files/dwgwp/rorules/pdf/Wastewater%20System%20and%20Potable%20Water%20Supply%20Rules%20Effective%2011.06.2023_1.pdf,,,state,2026-03-10,Official Vermont rules PDF stating that a permit is required for construction or modification and that applications are submitted to the appropriate Agency Regional Office,high
vt_05,VT,official_state,Vermont Department of Environmental Conservation,Shoreland Permitting,https://dec.vermont.gov/watershed/lakes-ponds/permit/shoreland,,,state,2026-03-10,Official Vermont shoreland page stating that wastewater systems permitted by the Agency are exempt from separate shoreland permits in some cases and that delegated municipalities may handle shoreland permitting locally,high
mt_01,MT,official_state,Montana Department of Environmental Quality,Engineering Infrastructure and Subdivisions,https://deq.mt.gov/water/Programs/eng,,,state,2026-03-10,Official Montana DEQ engineering and subdivisions page stating that the program reviews proposed divisions of land under 20 acres and sanitation facilities tied to water supply sewage disposal storm drainage and solid waste disposal,high
mt_02,MT,official_state,Montana Department of Public Health and Human Services,County or Tribal Health Departments,https://dphhs.mt.gov/publichealth/EHFS/countytribalhealthdepts,,,state,2026-03-10,Official Montana county and tribal health department page stating that local health departments can help determine whether a property has a Certificate of Subdivision Approval or sanitary restrictions and that a drainfield permit is still required through the local health department,high
mt_03,MT,official_state,Montana Department of Environmental Quality,Application Form Guidance for Subdivision Review,https://deq.mt.gov/Portals/112/Water/Forms/2017-09_07_ApplicationFormGuidance.pdf,,,state,2026-03-10,Official Montana subdivision-review guidance PDF stating that if a proposed subdivision is located in a county contracted to perform review the application is submitted to the local reviewing authority rather than directly to DEQ,high
mt_04,MT,official_state,Montana Department of Environmental Quality,Montana Circular DEQ-4 2023,https://deq.mt.gov/files/Water/WQInfo/Documents/Subdivisions/DEQ-4-2023.pdf,,,state,2026-03-10,Official Montana Circular DEQ-4 PDF covering wastewater treatment and disposal criteria including replacement-area and fill or percolation considerations that can widen site-risk discussions,high
mt_05,MT,official_state,Montana Department of Environmental Quality,On-Site Wastewater Manual,https://deq.mt.gov/files/Water/TFAB/Documents/SOPs/On-SiteWastewaterManual.pdf,,,state,2026-03-10,Official Montana onsite-wastewater manual stating that local departments or boards of health may have regulations not less stringent than state rules and may run their own review and approval process and advising applicants to contact the county or city-county department of health,high
mt_06,MT,official_state,Montana Department of Environmental Quality,Public Records,https://www.deq.mt.gov/about/public-records,,,state,2026-03-10,Official Montana DEQ public-records page for requesting agency files when subdivision or sanitation materials are not directly visible through local review paths,high
nd_01,ND,official_state,North Dakota Health and Human Services,Local Public Health Units,https://www.hhs.nd.gov/local-public-healthsites,,,state,2026-03-10,Official North Dakota HHS page listing local public health units statewide so homeowners can identify the office handling onsite wastewater permits and inspections,high
nd_02,ND,official_state,North Dakota Legislative Branch,North Dakota Century Code Chapter 23.1-07.1,https://ndlegis.gov/encode/t23-1c07-1.pdf,,,state,2026-03-10,"Official North Dakota code PDF stating that local public health units issue permits, inspect sewage treatment systems, investigate complaints, and may charge permit and inspection fees",high
nd_03,ND,official_state,North Dakota Legislative Branch,North Dakota Administrative Code Article 33.1-22,https://ndlegis.gov/admcode/arc202601398.pdf,,,state,2026-03-10,Official North Dakota administrative-code PDF covering onsite sewage treatment system registration and local regulatory context that can widen the rural permit path,high
nd_04,ND,official_local,Southwest District Health Unit,Environmental Health,https://www.swdhu.net/environmental-health/,,,Southwest District,2026-03-10,"Official local North Dakota environmental-health page stating that the office handles sewage and water facility applications, sewer system inspections, and sewer system standards",high
wy_01,WY,official_state,Wyoming Department of Environmental Quality,Chapter 25 Standards for Individual Sewage Treatment Systems,https://drive.google.com/file/d/1Z7gIVDnygL_FnjB8rO-uBlxNFXYY6FWJ/view,,,state,2026-03-10,Official Chapter 25 standards copy used by Wyoming county programs for site suitability and individual sewage treatment system requirements,high
wy_02,WY,official_local,Johnson County Wyoming,On-Site Wastewater Treatment,https://johnsoncountywyoming.org/307/On-Site-Wastewater-Treatment,,,Johnson County,2026-03-10,"Official county page stating that Johnson County issues permits under delegation from Wyoming DEQ, that all new systems require a permit, and that engineer-designed systems are needed when conventional systems cannot be installed",high
wy_03,WY,official_local,Uinta County Wyoming,Wastewater and Septic Systems,https://uintacountywy.gov/349/Wastewater-and-Septic-Systems,,,Uinta County,2026-03-10,"Official county page stating that septic permits are required before installation and that applications include a percolation test, site plan, fee, and inspection before backfill",high
wy_04,WY,official_local,Sublette County Wyoming,Septic Systems,https://www.sublettecountywy.gov/201/Septic-Systems,,,Sublette County,2026-03-10,Official county page stating that septic permits must be obtained before construction under county delegation from Wyoming DEQ and tying the path to percolation testing and design approval,high
tx_tarrant_01,TX,official_county,Tarrant County,On-Site Sewage Facilities,https://www.tarrantcountytx.gov/en/engineering-services/environmental/ossf.html,,,Tarrant County,2026-05-07,"Official Tarrant County OSSF page stating that the county regulates inspection and permit work for 23 cities and unincorporated areas, warning that ETJ and jurisdiction questions matter, and pointing owners into the county OSSF workflow",high
tx_tarrant_02,TX,official_county,Tarrant County Clerk,Official Records Search,https://tarrant.tx.publicsearch.us/,,,Tarrant County,2026-05-07,Official Tarrant County Clerk search portal for official records with quick and advanced search across real-property records and OCR text,high
tx_tarrant_03,TX,official_county,Tarrant County Public Health,OSSF Procedure Sheet,https://www.tarrantcountytx.gov/content/dam/main/public-health/ph-environmental-health/OSSF_Procedure_Sheet_2023.pdf,,,Tarrant County,2026-05-07,"Official Tarrant County OSSF procedure sheet explaining site evaluation, ETJ clearance, specification sheets, and minimum tank and drainfield sizing during permit review",high
ca_napa_01,CA,official_county,Napa County,Well and Onsite Wastewater Treatment,https://www.napacounty.gov/1917/Well-and-Onsite-Wastewater-Treatment,,,Napa County,2026-05-07,"Official Napa County well and onsite wastewater page stating that the county regulates wastewater treatment in unincorporated areas, reviews building plans and lot-line adjustments, and routes sewage-system and site-evaluation permits through the Online Permit Center",high
ca_napa_02,CA,official_county,Napa County,PBES Public Records Search,https://www.napacounty.gov/2474/PBES-Public-Records-Search,,,Napa County,2026-05-07,"Official Napa County PBES public-records search page covering well and onsite wastewater treatment documents, inspection reports, and parcel or permit-number search, while warning that digitized results may not be the complete record",high
oh_franklin_01,OH,official_county,Franklin County Public Health,Water Quality,https://myfcph.org/water-quality/,,,Franklin County,2026-05-07,"Official Franklin County Public Health water-quality page stating that staff review inspect and regulate sewage systems, conduct real-estate inspections for septic systems, and handle site reviews lot-split reviews and failing HSTS workflows",high
oh_franklin_02,OH,official_county,Franklin County Public Health,Forms & Permits,https://myfcph.org/forms-permits/,,,Franklin County,2026-05-07,Official Franklin County forms-and-permits page listing Household Sewage Treatment System site-review applications abandonment forms and related water-quality program forms,high
oh_franklin_03,OH,official_county,Franklin County Public Health,Public Records,https://myfcph.org/public-records/,,,Franklin County,2026-05-07,Official Franklin County public-records page directing requestors to the county request portal and records manager for public-records requests when the septic file still needs formal retrieval,high
tx_denton_01,TX,official_county,Denton County Public Health,Environmental Health Division,https://www.dentoncounty.gov/657/Environmental-Health-Division,,,Denton County,2026-05-07,"Official Denton County environmental-health page stating that the county administers the OSSF order in unincorporated areas, reviews designs, issues permits, conducts final inspections, and investigates complaints on existing systems",high
tx_denton_02,TX,official_county,Denton County Public Health,Septic Permit Application Packet,https://www.dentoncounty.gov/DocumentCenter/View/1440/Septic-Permit-Application-Packet-PDF,,,Denton County,2026-05-07,"Official Denton County septic permit packet requiring a permit to install and license to operate a private onsite sewage facility, with floodplain, site-plan, deed-recording, and maintenance-contract transfer details",high
tx_denton_03,TX,official_county,Denton County,Applying for Development Permits,https://www.dentoncounty.gov/679/Applying-for-Development-Permits,,,Denton County,2026-05-07,"Official Denton County development-permit page stating owners must apply for a development permit, show existing septic systems on the site plan, and receive an inspection sheet and license to operate after satisfactory construction",high
tx_hays_01,TX,official_county,Hays County,Septic Permits,https://www.hayscountytx.gov/septic-permits,,,Hays County,2026-05-07,Official Hays County septic-permits page stating the county has general authority over the location design construction installation and proper functioning of OSSFs and that permits can be blocked by subdivision-regulation violations,high
tx_hays_02,TX,official_county,Hays County,Development Services FAQs,https://www.hayscountytx.gov/faqs-development-services,,,Hays County,2026-05-07,"Official Hays County development-services FAQ stating owners use the customer portal for permits, can call the office or email septiccomplaints@hayscountytx.gov for septic complaints, and route permitting through the county development stack",high
ca_ventura_01,CA,official_county,County of Ventura Resource Management Agency,Environmental Health Records Search,https://rma.venturacounty.gov/divisions/environmental-health/records-search/,,,Ventura County,2026-05-07,"Official Ventura County environmental-health records page stating electronic files may be incomplete, that paper record requests require an address-specific form, and that ISDS records are part of the searchable facility lists",high
ca_ventura_02,CA,official_county,County of Ventura Resource Management Agency,Individual Sewage Disposal Systems Record Search,https://rma.venturacounty.gov/divisions/environmental-health/individual-sewage-disposal-systems-record-search/,,,Ventura County,2026-05-07,Official Ventura County ISDS record-search page allowing search by sitename address or period and advanced multi-field search for individual sewage disposal records,high
ca_ventura_03,CA,official_county,County of Ventura Resource Management Agency,Citizen Access OWTS Permit Types Explained,https://rmadocs.venturacounty.gov/environmental-health/programs/liquid-waste/publications/citizen-access-owts-permit-types-explained-043025.pdf,,,Ventura County,2026-05-07,Official Ventura County OWTS permit-types guide stating that when no permit is available an on-site inspection may be required to verify the location of an existing system,high
ca_marin_01,CA,official_county,Marin County,Records search,https://www.marincounty.gov/departments/cda/records-search-0?language=es,,,Marin County,2026-05-07,Official Marin County records-search page recommending APN or address and explicitly allowing searches for past septic and water well records,high
ca_marin_02,CA,official_county,Marin County,Septic systems/onsite wastewater treatment systems,https://www.marincounty.gov/departments/cda/env-health-svcs/prgm-septic,,,Marin County,2026-05-07,"Official Marin County OWTS page covering digital record archive search, property-sale septic questions, permit processing for new and replacement systems, and annual operating permits for alternative systems",high
ca_marin_03,CA,official_county,Marin County,Self-service permits for properties with septic systems,https://www.marincounty.gov/node/24881,,,Marin County,2026-05-07,Official Marin County page describing a streamlined self-service building-permit path for properties with septic systems,high
ca_santacruz_01,CA,official_county,County of Santa Cruz,Records & Parcel Research,https://cdi.santacruzcountyca.gov/UPC/RecordsParcelResearch.aspx,,,Santa Cruz County,2026-05-07,Official Santa Cruz County records and parcel research page stating Environmental Health land use records contain OWTS septic-system permit records and guiding owners into parcel and permit history research,high
ca_santacruz_02,CA,official_county,County of Santa Cruz,Resources & Forms - Environmental Health Water and Septic,https://www.santacruzcountyca.gov/FireRecovery/RecoveryPermitCenter/ResourcesForms.aspx,,,Santa Cruz County,2026-05-07,"Official Santa Cruz County water-and-septic resources page linking owner-agent approval, pumping companies under permit, sewage disposal consultants, repair standards, and related septic resources",high
ca_santacruz_03,CA,official_county,County of Santa Cruz,Deed Recordation Required by the Sewage Disposal Ordinance,https://www.santacruzcountyca.gov/Portals/0/County/FireRecovery/pdfs/RPC/Deed%20Recordation%20Required%20by%20the%20Sewage%20Disposal%20Ordinance%20October%2024.%202022.pdf,,,Santa Cruz County,2026-05-07,Official Santa Cruz County PDF stating nonstandard systems may require deed recordation at final permitting and that some repairs involving illegal land uses or zoning violations require a recorded septic-system agreement,high
ca_slo_01,CA,official_county,County of San Luis Obispo,Public Records Act (PRA) Request for Environmental Health Program Information,https://www.slocounty.ca.gov/departments/health-agency/public-health/environmental-health-services/public-records-act-%28pra%29-request-for-environmental,,,San Luis Obispo County,2026-05-07,Official San Luis Obispo County Environmental Health public-records request page directing owners to submit PRA requests and use interactive mapping tools and public data for environmental-health program information,high
ca_slo_02,CA,official_county,County of San Luis Obispo,LAMP FAQs Document,https://www.slocounty.ca.gov/departments/planning-building/forms-documents/septic-system-%28onsite-wastewater-treatment-systems/lamp-faqs-document,,,San Luis Obispo County,2026-05-07,Official San Luis Obispo County LAMP FAQ page stating the county permits and regulates conventional and non-conventional OWTS under the local program and clarifying homeowner and permit implications,high
ca_slo_03,CA,official_county,County of San Luis Obispo,Onsite Wastewater Treatment Systems After A Flood,https://www.slocounty.ca.gov/departments/planning-building/forms-documents/septic-system-%28onsite-wastewater-treatment-systems/onsite-wastewater-treatment-systems-after-a-flood,,,San Luis Obispo County,2026-05-07,"Official San Luis Obispo County flood guidance stating owners can ask the county whether a septic record exists, request a copy, and when records are unavailable use a licensed septic professional to locate and evaluate the system",high
ca_tuolumne_01,CA,official_county,Tuolumne County,Onsite Wastewater,https://www.tuolumnecounty.ca.gov/245/Onsite-Wastewater,,,Tuolumne County,2026-05-07,"Official Tuolumne County onsite-wastewater page linking local LAMP oversight, county ordinance 13.08, permitting process, care and maintenance guidance, and owner authorization",high
ca_tuolumne_02,CA,official_county,Tuolumne County,Onsite Wastewater Permitting Process,https://www.tuolumnecounty.ca.gov/DocumentCenter/View/21758/Onsite-Wastewater-Permitting-Process?bidId=,,,Tuolumne County,2026-05-07,"Official Tuolumne County permitting-process document stating new construction uses a two-step site-and-soils plus construction-permit workflow, while repairs combine those steps into one county permit path",high
ca_tuolumne_03,CA,official_county,Tuolumne County,Chapter 13.08 On-Site Sewage Treatment and Disposal Code,https://www.tuolumnecounty.ca.gov/DocumentCenter/View/376/Chapter-1308---On-Site-Sewage-Treatment-and-Disposal-Code?bidId=,,,Tuolumne County,2026-05-07,"Official Tuolumne County sewage-disposal code covering permit-required status, inspections, use and repair of existing systems, and exceptions or minor deviations under local rule",high
ca_riverside_01,CA,official_county,Riverside County Department of Environmental Health,Septic Systems,https://rivcoeh.org/septic-systems,,,Riverside County,2026-05-07,"Official Riverside County septic page stating OWTS construction applications are required for installation repair or modification, linking Land Use Permit Look Up, local LAMP guidance, Quail Valley lookup, and certification of existing septic system requirements",high
ca_riverside_02,CA,official_county,Riverside County Department of Environmental Health,GIS/Records Search,https://rivcoeh.org/gisrecord-research,,,Riverside County,2026-05-07,Official Riverside County GIS and records search path for environmental-health record research and permit-history context,high
ca_riverside_03,CA,official_county,Riverside County Department of Environmental Health,Certification of Existing Septic System,https://rivcoeh.org/sites/g/files/aldnop361/files/2024-09/Septic%20Systems%20Certification%20of%20Existing%20Subsurface%20Disposal%20System%20%28Sept%202024%29.pdf,,,Riverside County,2026-05-07,Official Riverside County certification form used before repair or modification permits for existing septic systems and tied to Qualified Service Provider review,high
ca_riverside_04,CA,official_county,Riverside County Department of Environmental Health,Copy of Permit,https://rivcoeh.org/copy-permit,,,Riverside County,2026-05-07,Official Riverside County copy-of-permit request path for environmental-health permit retrieval when owners need file support beyond permit lookup,high
ca_sanbernardino_01,CA,official_county,San Bernardino County Department of Public Health,OWTS Permit Application / Transfer of Ownership,https://wp.sbcounty.gov/dph/wp-content/uploads/sites/7/2018/10/OWTS-Permit-Application-10.3.18.pdf,,,San Bernardino County,2026-05-07,Official San Bernardino County OWTS permit application and transfer-of-ownership form requiring APN and a private sewage disposal certification dated within the last 30 days,high
ca_sanbernardino_02,CA,official_county,San Bernardino County Department of Public Health,Residential OWTS Certification Form,https://wp.sbcounty.gov/dph/wp-content/uploads/sites/7/2021/03/Residential-OWTS-Certification-Form.pdf,,,San Bernardino County,2026-05-07,"Official San Bernardino County residential OWTS certification form requiring licensed or qualified professional review, APN, bedrooms, hydraulic test details, and final opinion on whether the system can function satisfactorily",high
ca_sanbernardino_03,CA,official_county,San Bernardino County EZ Online Permitting,Adequate Service Certificate for Onsight Sewage Disposal,https://wp.sbcounty.gov/ezop/conditions/adequate-service-certificate-for-onsight-sewage-disposal/,,,San Bernardino County,2026-05-07,Official San Bernardino County permit-condition page stating adequate service or existing-system certification may be required before permit issuance and referencing parcel research and percolation-report review lanes,high
ca_sanbernardino_04,CA,official_county,San Bernardino County EZ Online Permitting,How can I find my Parcel Number (APN)?,https://wp.sbcounty.gov/ezop/ezop_faq/how-can-i-find-a-parcel-number/,,,San Bernardino County,2026-05-07,Official San Bernardino County parcel-research FAQ telling users to use EZOP Parcel Research and enter address or parcel number to find the APN used throughout county septic workflow,high
ca_sanbernardino_05,CA,official_county,San Bernardino County Department of Public Health,Onsite Wastewater Treatment System FAQ for Single Family Residence,https://wp.sbcounty.gov/wp-content/uploads/sites/7/2018/09/All-inclusive-Septic-FAQ-9.10.18.pdf,,,San Bernardino County,2026-05-07,"Official San Bernardino County OWTS FAQ explaining bedroom-count effects, replacement-area expectations, certification paths, and lot-size or subdivision implications for septic approvals",high
ca_sandiego_01,CA,official_county,County of San Diego Environmental Health and Quality,Septic Systems,https://www.sandiegocounty.gov/content/sdc/deh/lwqd/lu_septic_systems.html,,,San Diego County,2026-05-07,Official San Diego County septic systems page stating land-use program records including septic systems are available online through the Environmental Health Document Library and directing unfound requests to the Public Records Request Center,high
ca_sandiego_02,CA,official_county,County of San Diego Environmental Health and Quality,Environmental Health Document Search,https://www.sandiegocounty.gov/content/sdc/deh/doclibrary.html,,,San Diego County,2026-05-07,"Official San Diego County document library page instructing users to search by Record ID or APN or street number and street name, and exposing OWTS permits and layout document categories",high
ca_sandiego_03,CA,official_county,County of San Diego,Public Records Request Center,https://pra.sandiegocounty.gov/requests/new,,,San Diego County,2026-05-07,Official San Diego County Public Records Request Center used when septic and land-use records cannot be found through the county document library,high
ca_santaclara_01,CA,official_county,County of Santa Clara Environmental Health,Onsite Wastewater Treatment System (OWTS),https://deh.santaclaracounty.gov/land-use/onsite-wastewater-treatment-system-owts,,,Santa Clara County,2026-05-07,"Official Santa Clara County OWTS page warning owners not to plan additions, pools, driveways, or other construction near the septic system or drainfield expansion area and linking as-built and clearance workflow",high
ca_santaclara_02,CA,official_county,County of Santa Clara Environmental Health,Obtain an As-built of existing septic or OWTS,https://deh.santaclaracounty.gov/land-use/onsite-water-treatment-system-owts/obtain-built-existing-septic-or-owts,,,Santa Clara County,2026-05-07,Official Santa Clara County as-built request page stating owners should submit a public-records request with property address and APN to obtain the most accurate sizing and location of the installed septic or OWTS,high
ca_santaclara_03,CA,official_county,County of Santa Clara Environmental Health,Application for septic/OWTS clearance for new development,https://deh.santaclaracounty.gov/land-use/application-septicowts-clearance-new-development,,,Santa Clara County,2026-05-07,Official Santa Clara County septic-clearance page stating new development needs Environmental Health clearance and that plans must show existing septic tanks and leachfields as identified by the septic as-built,high
ca_monterey_01,CA,official_county,County of Monterey Health Department,Public Records Request for Environmental Health,https://www.countyofmonterey.gov/?NavID=4157,,,Monterey County,2026-05-07,Official Monterey County Environmental Health public-records page stating file reviews and records requests can be made online or by file-review request form and that requestors should allow up to ten days for response,high
ca_monterey_02,CA,official_county,County of Monterey Health Department,Onsite Wastewater Treatment Systems (Septic System) Permits,https://www.countyofmonterey.gov/government/departments-a-h/health/environmental-health/environmental-health-review/onsite-wastewater-treatment-systems,,,Monterey County,2026-05-07,Official Monterey County OWTS permit page stating applications require feasibility report and design and linking septic tank pumping and inspection report forms,high
ca_monterey_03,CA,official_county,County of Monterey Health Department,Land Use Projects and Permits,https://www.countyofmonterey.gov/government/departments-a-h/health/environmental-health/environmental-health-review/land-use-projects-and-permits,,,Monterey County,2026-05-07,Official Monterey County land-use projects page stating requestors should submit a file review to learn whether records are available and that properties with septic need approved design showing initial system and future repair area,high
ny_monroe_01,NY,official_county,Monroe County Department of Public Health,Onsite Wastewater Treatment Systems,https://www.monroecounty.gov/eh-individualsewagetreatment,,,Monroe County,2026-05-07,Official Monroe County onsite-wastewater page stating systems must be properly designed and constructed under county sanitary code and linking septic-system repair permit application materials,high
ny_monroe_02,NY,official_county,Monroe County Department of Public Health,Septic System Replacement Fund,https://www.monroecounty.gov/eh-septic-system-replacement-fund,,,Monroe County,2026-05-07,"Official Monroe County replacement-fund page describing shoreline and tributary target areas, eligible replacement and upgrade work, and reimbursement rules for qualifying septic projects",high
ny_monroe_03,NY,official_county,Monroe County Department of Public Health,Environmental Health,https://www.monroecounty.gov/eh,,,Monroe County,2026-05-07,"Official Monroe County Environmental Health hub showing local septic replacement, environmental-health enforcement, and county contact path for onsite-sewage issues",high
ny_livingston_01,NY,official_county,Livingston County Department of Health,Forms and applications you may need,https://www.livingstoncountyny.gov/620/Forms,,,Livingston County,2026-05-07,"Official Livingston County forms page listing how to obtain a septic system for a new home, septic repair waiver, application for individual wastewater treatment system, and application for permit to operate",high
ny_livingston_02,NY,official_county,Livingston County Department of Health,How to Obtain a Septic System (Wastewater Treatment System) For Your New Home,https://www.livingstoncountyny.gov/DocumentCenter/View/715/How-to-Obtain-a-Septic-System-Wastewater-Treatment-System-For-Your-New-Home,,,Livingston County,2026-05-07,Official Livingston County guidance stating the engineer forwards the application and three sets of septic system design plans to the county health department for review and approval,high
ny_livingston_03,NY,official_county,Livingston County Department of Health,Application for Individual Wastewater Treatment System Permit,https://www.livingstoncountyny.gov/DocumentCenter/View/2131/Application-for-Individual-Wastewater-Treatment-System-2020,,,Livingston County,2026-05-07,"Official Livingston County wastewater-treatment-system permit application showing tax-map-driven review, repair or replacement flags, permit and engineering fees, and Appendix 75-A review under county sanitary code",high
ny_wyoming_01,NY,official_county,Wyoming County,Real Property Transfer Inspections,https://www.wyomingcountyny.gov/498/Real-Property-Transfer-Inspections,,,Wyoming County,2026-05-07,Official Wyoming County transfer-inspection page stating the county sanitary code requires inspection and certification of private water and sewage disposal systems whenever properties are sold or transferred,high
ny_wyoming_02,NY,official_county,Wyoming County,State Septic System Replacement Program,https://www.wyomingcountyny.gov/711/State-Septic-System-Replacement-Program,,,Wyoming County,2026-05-07,Official Wyoming County replacement-program page with identified waterbody map and online grant application for eligible septic replacement projects,high
ny_wyoming_03,NY,official_county,Wyoming County,Environmental Health Form Center,https://www.wyomingcountyny.gov/FormCenter/Environmental-Health-5,,,Wyoming County,2026-05-07,"Official Wyoming County environmental-health form center listing permit to operate, sewage and water inspection applications, property-transfer dye testing, residential sewage disposal system applications, waiver forms, and onsite wastewater waivers",high
ny_chautauqua_01,NY,official_county,Chautauqua County,Water & Sewage Survey,https://chautauquacountyny.gov/environmental-health/water-sewage-survey,,,Chautauqua County,2026-05-07,Official Chautauqua County transfer-survey page used when property sale or transfer requires private water and sewage system review,high
ny_chautauqua_02,NY,official_county,Chautauqua County,Findley Lake and Chautauqua Lake septic replacement grant program,https://chautauquacountyny.gov/environmental-health/nysdec-septic-system-replacement-grant-program-findley-lake-and-chautauqua,,,Chautauqua County,2026-05-07,Official Chautauqua County lake-zone septic replacement grant page for eligible shoreline properties and failing-system replacement workflow,high
ny_chautauqua_03,NY,official_county,Chautauqua County,OWTS,https://chautauquacountyny.gov/environmental-health/OWTS,,,Chautauqua County,2026-05-07,Official Chautauqua County onsite wastewater treatment systems page linking the county OWTS permit packet and local permitting workflow,high
ny_chautauqua_04,NY,official_county,Chautauqua County,OWTS Application Packet 2026,https://chautauquacountyny.gov/sites/default/files/inline-files/OWTS%20Application_2026_packet.pdf,,,Chautauqua County,2026-05-07,Official Chautauqua County OWTS application packet for local septic permitting and review,high
ny_putnam_01,NY,official_county,Putnam County Department of Health,HA-1 House Additions 2023,https://www.putnamcountyny.com/images/Departments/Department_of_Health/Documents-Forms/Engineering/HA-1_House_Additions_2023.pdf,,,Putnam County,2026-05-07,"Official Putnam County house-additions septic guidance describing how bedroom additions, rebuilds, or enlarged occupancy affect septic approval and contractor requirements",high
ny_putnam_02,NY,official_county,Putnam County Department of Health,ST-19 SSTS/Water Supply Single Family Residences 2023,https://www.putnamcountyny.com/images/Departments/Department_of_Health/Documents-Forms/Engineering/ST-19_SSTSWater_Supply_Single_Family_Residences_2023.pdf,,,Putnam County,2026-05-07,Official Putnam County single-family septic and water-supply guidance for watershed-era systems and local repair or permit workflow,high
ny_erie_01,NY,official_county,Erie County Department of Health,Property Transfers,https://www3.erie.gov/envhealth/property-transfers,,,Erie County,2026-05-07,Official Erie County property-transfer page stating Property Transfer Certification is required before transfer of title for properties served by onsite wastewater systems or private wells and linking variance and design-professional paths,high
ny_erie_02,NY,official_county,Erie County Department of Health,Septic and Onsite Wastewater Systems,https://www3.erie.gov/envhealth/septic-and-onsite-wastewater-systems,,,Erie County,2026-05-07,"Official Erie County onsite-wastewater page covering new-construction permit workflow, licensed design-professional requirements, and septic location or age records",high
ny_erie_03,NY,official_county,Erie County Department of Health,Septic System Replacement Fund Program,https://www3.erie.gov/envhealth/septic-system-replacement-fund-program,,,Erie County,2026-05-07,Official Erie County replacement-fund page describing grants for failing systems in priority geographic areas and the county's replacement or upgrade path,high
ny_erie_04,NY,official_county,Erie County Department of Health,Property Transfer Application,https://www3.erie.gov/envhealth/sites/www3.erie.gov.envhealth/files/2023-03/propertytransferapp.pdf,,,Erie County,2026-05-07,Official Erie County property-transfer application requiring septic-system test affidavit and supporting transfer-inspection paperwork,high
ny_tompkins_01,NY,official_county,Tompkins County Whole Health,Onsite Wastewater Treatment Systems (OWTS),https://www.tompkinscountyny.gov/All-Departments/Whole-Health/EH/OWTS,,,Tompkins County,2026-05-07,"Official Tompkins County OWTS page stating septic systems serve about 15,000 homes, that construction permits are required before new systems or most repairs, and that the online service handles permits and Certificates of Completion",high
ny_tompkins_02,NY,official_county,Tompkins County Whole Health,Procedure for Obtaining a Permit to Construct an OWTS,https://www.tompkinscountyny.gov/All-Departments/Whole-Health/EH/OWTS/Procedure-for-Obtaining-a-Permit-to-Construct-an-OWTS,,,Tompkins County,2026-05-07,"Official Tompkins County permit procedure page laying out application, site and soil investigation, permit issuance, final inspection, and Certificate of Completion workflow",high
ny_tompkins_03,NY,official_county,Tompkins County Whole Health,Septic System Replacement Program for Cayuga Lake Properties,https://www.tompkinscountyny.gov/All-Departments/Whole-Health/EH/OWTS/SSRP,,,Tompkins County,2026-05-07,Official Tompkins County Cayuga Lake replacement-fund page stating seasonal and second homes are now eligible and describing reimbursement for failing or likely-to-fail systems,high
ny_tompkins_04,NY,official_county,Tompkins County Online Service,OWTS Permits and Certificates of Completion,https://app.oncamino.com/en/tompkinscounty,,,Tompkins County,2026-05-07,Official Tompkins County online service linked from the county OWTS page for permits applications payments and Certificates of Completion,high
ny_broome_01,NY,official_county,Broome County Health Department,Wastewater Treatment,https://broomecountyny.gov/eh/wastewatertreatment,,,Broome County,2026-05-07,"Official Broome County wastewater-treatment page linking sewage permit application, ETU aerator application, and septic record-search request form",high
ny_broome_02,NY,official_county,Broome County Health Department,Sewage Permit Application,https://broomecountyny.gov/sites/default/files/2024-04/Sewage%20Permit%20Application_0.pdf,,,Broome County,2026-05-07,"Official Broome County sewage permit application requiring bedroom count, garbage-disposal disclosure, and ETU request details for local septic design and approval",high
ny_broome_03,NY,official_county,Broome County Health Department,Application for Record Search - Individual Sewage Disposal System,https://broomecountyny.gov/sites/default/files/dept/hd/pdfs/Record%20search-sewage.pdf,,,Broome County,2026-05-07,"Official Broome County record-search form that can return approved, not approved, under-designed for bedroom count, or no-record-found outcomes for a septic system",high
ny_genesee_01,NY,official_county,Genesee County Health Department,Private Water Wells and Septic Systems,https://www.geneseeny.gov/gohealth/Home/Programs-and-Services/Environmental-Health/Private-Water-Wells-Septic-Systems,,,Genesee County,2026-05-07,Official Genesee County septic page stating staff assist homeowners with permits for new systems repairs or replacements and inspections during property transfers,high
ny_genesee_02,NY,official_county,Genesee County Health Department,Septic Construction Permit - Residential Application,https://www.geneseeny.gov/files/sharedassets/county/v/1/health/programs-and-services/environmental/private-water-wells/gchd-application-for-residential-owts-construction-permit051121_1.24.25.pdf,,,Genesee County,2026-05-07,Official Genesee County residential septic construction permit application for new or replacement OWTS work,high
ny_genesee_03,NY,official_county,Genesee County Health Department,Percolation Test Request Form,https://www.geneseeny.gov/files/sharedassets/county/v/1/health/programs-and-services/environmental/private-water-wells/wowts-perc-test-request-and-instructions-6.10.25.pdf,,,Genesee County,2026-05-07,Official Genesee County percolation-test request form and instructions for local soil and lot review before septic design or replacement work,high
ny_genesee_04,NY,official_county,Genesee County Health Department,Septic System Replacement Fund Program Application,https://www.geneseeny.gov/files/sharedassets/county/v/1/health/programs-and-services/environmental/private-water-wells/septic-program-application-form-5.18.21-accessible.pdf.pdf,,,Genesee County,2026-05-07,Official Genesee County septic replacement-fund program application for qualifying repair or replacement work tied to local environmental-health review,high
ny_onondaga_01,NY,official_county,Onondaga County Environmental Health,Septic Systems,https://onondaga.gov/health-env/septic-systems/,,,Onondaga County,2026-05-07,"Official Onondaga County septic systems page covering plan review, site investigation, inspections, design guidelines, watershed permit application, repair application, fill certification form, and direct septic email contacts",high
ny_onondaga_02,NY,official_county,Onondaga County Environmental Health,Septic Replacement Funding Program,https://onondaga.gov/health-env/septic-replacement/,,,Onondaga County,2026-05-07,Official Onondaga County septic replacement page identifying waterbody-based eligibility rules and grant path for substandard or failed systems near listed waters,high
ny_onondaga_03,NY,official_county,Onondaga County Department of Health,Application for Repair of a Sewage Disposal System,https://onondaga.gov/health-env/wp-content/uploads/sites/196/2022/08/ApplicationforRepairofSewageDisposalSystem.pdf,,,Onondaga County,2026-05-07,"Official Onondaga County repair application requiring property town, tax map number, bedroom count, repair description, percolation attachment, and sketch of structures water supply and existing septic system",high
ny_onondaga_04,NY,official_county,Onondaga County Department of Health,Fill Certification Form,https://onondaga.gov/health-env/wp-content/uploads/sites/196/2021/11/FillCertificationForm.pdf,,,Onondaga County,2026-05-07,"Official Onondaga County fill certification form for mound, raised, shallow, and supplemental fill systems documenting stabilization, percolation results, and correct fill dimensions",high
oh_geauga_01,OH,official_county,Geauga Public Health,Household Sewage System,https://gphohio.org/household-sewage-system/,,,Geauga County,2026-05-07,Official Geauga Public Health household-sewage page covering site evaluations new-system permits alter permits complaint investigations and local rules including for-sale property evaluation,high
oh_geauga_02,OH,official_county,Geauga Public Health,For Sale of Property,https://gphohio.org/for-sale-of-property/,,,Geauga County,2026-05-07,Official Geauga Public Health for-sale-of-property page stating that a registered environmental health specialist inspects the system at the time of sale and providing the county evaluation checklist and application materials,high
oh_geauga_03,OH,official_county,Geauga Public Health,Operation and Maintenance (O&M) Program,https://gphohio.org/page-title-old/om-septic/,,,Geauga County,2026-05-07,Official Geauga Public Health O&M page stating new owners should contact the office to update records and determine pending requirements or outstanding permit or sample fees,high
oh_delaware_01,OH,official_county,Delaware Public Health District,Sewage,https://www.delawarehealth.org/sewage/,,,Delaware County,2026-05-07,Official Delaware Public Health District sewage page covering general household sewage treatment system information and the county health district's jurisdiction outside annexed parts of Columbus Dublin and Westerville,high
oh_delaware_02,OH,official_county,Delaware Public Health District,Forms/Permits,https://www.delawarehealth.org/forms-permits/,,,Delaware County,2026-05-07,Official Delaware Public Health District forms-and-permits page listing adjacent-property transfer applications permit transfer forms and household sewage treatment system related forms,high
oh_delaware_03,OH,official_county,Delaware Public Health District,Public Records,https://www.delawarehealth.org/public-records/,,,Delaware County,2026-05-07,Official Delaware Public Health District public-records page and property-information email path for retrieving health-district records when the visible sewage file is incomplete,high
oh_lorain_01,OH,official_county,Lorain County Public Health,Household Sewage Treatment Systems,https://www.loraincountyhealth.com/sewage,,,Lorain County,2026-05-07,"Official Lorain County Public Health sewage page stating all homeowners with an HSTS need an O&M permit, offering permit conditions online, grants for failing systems, and home-sale, lot-split, property-improvement, and site-review forms",high
oh_lorain_02,OH,official_county,Lorain County Public Health,Search for your home sewage treatment system,https://www.lcboh.com/lcphmap/,,,Lorain County,2026-05-07,Official Lorain County Public Health search portal for looking up home sewage treatment system permit conditions and county file information,high
oh_lorain_03,OH,official_county,Lorain County Public Health,Home Sale Evaluation Application fees updated - SP,https://drive.google.com/file/d/1NUiz1ZpR6K8oHZN2OxvEMlNqM-vmDSWt/view?usp=sharing,,,Lorain County,2026-05-07,Official Lorain County home-sale evaluation application artifact used when the septic file needs transfer-time evaluation and county review,high
oh_lake_01,OH,official_county,Lake County General Health District,Sewage Treatment Systems,https://www.lcghd.org/sewage-treatment/,,,Lake County,2026-05-07,"Official Lake County sewage-treatment page covering STS permitting, operation and maintenance, and county-managed sewage treatment workflow",high
oh_lake_02,OH,official_county,Lake County General Health District,Environmental Health Digital Record Portal,https://www.lcghd.org/environmental-health/environmental-health-digital-record-portal/,,,Lake County,2026-05-07,Official Lake County digital record portal for environmental health files including septic-related property records,high
oh_lake_03,OH,official_county,Lake County General Health District,Operation & Maintenance Program,https://www.lcghd.org/om-program-septic/,,,Lake County,2026-05-07,Official Lake County O&M page describing transferable permit obligations and ongoing local oversight for certain septic systems,high
oh_lake_04,OH,official_county,Lake County General Health District,Point of Sale Evaluation Application,https://www.lcghd.org/point-of-sale-evaluation-fillable-application-2026/,,,Lake County,2026-05-07,Official Lake County point-of-sale evaluation application page for transfer-time septic review and county inspection workflow,high
oh_hocking_01,OH,official_county,Hocking County Health Department,Sewage Treatment Program,https://www.hockingcountyhealthdepartment.com/HCHD-Sewage-Treatment-Program.html,,,Hocking County,2026-05-07,"Official Hocking County sewage-treatment page covering install repair replacement permits, STS application workflow, operation-permit renewal, and county-approved contractor lists",high
oh_hocking_02,OH,official_county,Hocking County Health Department,Environmental Health Division,https://www.hockingcohd.org/HCHD-Environmental-Health-Division.html,,,Hocking County,2026-05-07,Official Hocking County Environmental Health page linking map-based permit search and county environmental programs,high
oh_hocking_03,OH,official_county,Hocking County Health Department,Map-Based Permit Search,https://www.hockingcountyhealthdepartment.com/HCHD-Map-Based-Permit-Search.html,,,Hocking County,2026-05-07,Official Hocking County map-based permit search page for parcel-level permit-history lookup,high
oh_hocking_04,OH,official_county,Hocking County Health Department,Property Inspection,https://www.hockingcountyhealthdepartment.com/HCHD-Property-Inspection.html,,,Hocking County,2026-05-07,Official Hocking County property-inspection page covering transfer-time water and sewage inspection standards and automatic operation permits,high
oh_hocking_05,OH,official_county,Hocking County Health Department,STS Operation Permit Renewal Application,https://www.hockingcountyhealthdepartment.com/pdf/STS-Operation-Permit-Renewal-Application.pdf,,,Hocking County,2026-05-07,Official Hocking County STS operation-permit renewal application for ongoing local O&M obligations,high
oh_tuscarawas_01,OH,official_county,Tuscarawas County Health Department,Water Quality Program (Well and Septic),https://www.tchdnow.org/water-quality-program-well-and-septic.html,,,Tuscarawas County,2026-05-07,"Official Tuscarawas County water-quality page stating owners can use online records for water well and septic permits, that lot splits under five acres need septic approval, and that county permitting governs new or repair work",high
oh_tuscarawas_02,OH,official_county,Tuscarawas County Health Department,Point of Sale Application,https://www.tchdnow.org/uploads/4/2/8/6/42860741/tuscarawas_county_health_departmentposapplication.pdf,,,Tuscarawas County,2026-05-07,Official Tuscarawas County point-of-sale septic transfer application for property-sale review and county evaluation,high
oh_tuscarawas_03,OH,official_county,Tuscarawas County Health Department,Operation and Maintenance Program,https://www.tchdnow.org/operation-and-maintenance-program.html,,,Tuscarawas County,2026-05-07,Official Tuscarawas County O&M program page stating operation permits transfer with the property and setting ongoing maintenance obligations,high
oh_portage_01,OH,official_county,Portage County Health District,Septic System Records,https://portagehealth.net/our-programs/environmental-public-health/septic-system-records/,,,Portage County,2026-05-07,"Official Portage County septic-records page with online records search, disclaimer that historical files may contain additional information, and formal records-request fallback for complaint or nuisance records",high
oh_portage_02,OH,official_county,Portage County Health District,Point of Sale Inspection,https://portagehealth.net/our-programs/environmental-public-health/point-of-sale-inspection/,,,Portage County,2026-05-07,Official Portage County point-of-sale page stating the county does not mandate transfer septic inspections but offers voluntary real-estate transfer septic inspection as a fee-for-service program,high
oh_portage_03,OH,official_county,Portage County Health District,SE Application 2026 with Fees,https://portagehealth.net/wp-content/uploads/2026/01/SE-Application-2026-with-fees.pdf,,,Portage County,2026-05-07,"Official Portage County site-evaluation application and fee document used for sewage review, including lot split and related environmental-health review paths",high
oh_mahoning_01,OH,official_county,Mahoning County Public Health,Septic,https://www.mahoninghealth.org/septic/,,,Mahoning County,2026-05-07,"Official Mahoning County septic page stating all septics and wells must be tested prior to sale of a home, detailing new-site, installation, alteration, addition, platting, O&M, and financial-resource workflows",high
oh_mahoning_02,OH,official_county,Mahoning County Public Health,Freedom of Information Act/Public Records Request,https://www.mahoninghealth.org/public-records-policy/,,,Mahoning County,2026-05-07,Official Mahoning County public-records page directing requestors to send records requests by email and explaining turnaround and disclosure rules,high
oh_clark_01,OH,official_county,Clark County Combined Health District,Sewage & Septic Systems,https://ccchd.com/environmental-health/household-sewage-septic/,,,Clark County,2026-05-07,"Official Clark County sewage and septic page covering real-estate transfer and refinance inspections, pumping-report review, approved pumpers and service providers, and lot-split review paths",high
oh_clark_02,OH,official_county,Clark County Combined Health District,Get Records,https://ccchd.com/get-records/,,,Clark County,2026-05-07,Official Clark County records page directing septic-system records requests to environmental staff and public-records requests to the custodian by phone or email,high
oh_clark_03,OH,official_county,Clark County Combined Health District,Lot Split Application,https://ccchd.com/wp-content/uploads/2024/05/Lot-Split-Application.pdf,,,Clark County,2026-05-07,Official Clark County lot-split application asking whether an existing home has a designated replacement area on file and requiring soil evaluation if not,high
oh_stark_01,OH,official_county,Stark County,Stark County Property Search,https://realestate.starkcountyohio.gov/search/commonsearch.aspx?mode=realprop,,,Stark County,2026-05-07,Official Stark County property-search site exposing a dedicated Septic and Well Search path for parcel-level county records review,high
oh_stark_02,OH,official_county,Stark County Health Department,Buyer and Seller Information,https://cms7files1.revize.com/starkcountyoh/Document_center/Sewage/Property%20Transfer%20Inspections/Buyer-and-Seller-Information.pdf,,,Stark County,2026-05-07,Official Stark County buyer-and-seller septic inspection guidance stating all HSTS properties must be inspected prior to transfer and that buyers may waive only when the home has been vacant 30 days or more,high
oh_stark_03,OH,official_county,Stark County Health Department,Transfer Inspection Guidelines for Septic Systems,https://cms7files1.revize.com/starkcountyoh/Transfer-Inspection-Guidelines-for-Septic-Systems-3.pdf,,,Stark County,2026-05-07,Official Stark County transfer-inspection guidelines requiring inspectors to obtain permit and system drawings from the county and explaining sewer-availability checks that can force connection and abandonment of the septic system,high
oh_medina_01,OH,official_county,Medina County Building Department,Septic Approvals,https://www.medinaco.org/septic-approvals/,,,Medina County,2026-05-07,Official Medina County building-department notice stating septic approvals are required for all building projects served by a septic system before a building permit can be issued and directing requestors to the county health department,high
oh_medina_02,OH,official_county,Medina County Health Department,Homeowner Checklist for Sewage System Evaluations,https://medinahealth.org/wp-content/uploads/REALESTATECHECKLIST_eff1.pdf,,,Medina County,2026-05-07,"Official Medina County real-estate sewage checklist stating sewer availability must be checked first, that no health-department septic evaluation will be done if sewer is available, and that permit and drawing records can be supplied if available upon request",high
oh_medina_03,OH,official_county,Medina County Health Department,Operation and Maintenance Program,https://medinahealth.org/wp-content/uploads/O-M-INFO-FOR-HOME-OWNERS.pdf,,,Medina County,2026-05-07,Official Medina County O&M program document stating many systems receive five-year operation and maintenance permits and require county-tracked service records from registered providers,high
wa_king_01,WA,official_county,King County Public Health,Sales and transfers of properties with on-site sewage/septic systems,https://kingcounty.gov/en/dept/dph/health-safety/environmental-health/on-site-sewage-systems/sales-transfers,,,King County,2026-06-30,Official King County property-transfer page for onsite sewage systems covering sale workflow and county review before closing,high
wa_king_02,WA,official_county,King County Public Health,House or building remodels or expansions,https://kingcounty.gov/en/dept/dph/health-safety/environmental-health/on-site-sewage-systems/house-building-remodel-expansion,,,King County,2026-06-30,Official King County remodel and expansion page tying building changes and bedroom or use increases to septic review before permits,high
wa_king_03,WA,official_county,King County Public Health,Buying and Selling Houses on Septic,https://cdn.kingcounty.gov/-/media/king-county/depts/dph/documents/health-safety/environmental-health/training/buying-selling-homes-on-septic.pdf?hash=08FDCD5CD112ED8B3E7AD27AF91338CB&rev=259cc02ccb464115b3b680928def96e7,,,King County,2026-05-07,"Official King County buyer-seller guide describing septic record drawings, reports, and closing-stage due diligence for homes on septic",high
wa_whatcom_01,WA,official_county,Whatcom County Public Health,Septic & Drinking Water Records,https://www.whatcomcounty.us/3312/Septic-Drinking-Water-Records,,,Whatcom County,2026-05-07,Official Whatcom County records page for septic and drinking-water files searchable by property identifiers,high
wa_whatcom_02,WA,official_county,Whatcom County Public Works,Customer Service Portal,https://www.whatcomcounty.us/4547/Customer-Service-Portal,,,Whatcom County,2026-05-07,Official Whatcom County customer-service portal exposing permit history and county map-based record lookup,high
wa_whatcom_03,WA,official_county,Whatcom County Planning,ADUs - Accessory Dwelling Units,https://www.whatcomcounty.us/4481/ADUs---Accessory-Dwelling-Units,,,Whatcom County,2026-05-07,Official Whatcom County ADU guidance stating approval depends on sewer or septic service realities,high
wa_clark_01,WA,official_county,Clark County Public Health,On-site Septic Systems,https://clark.wa.gov/public-health/site-septic-systems,,,Clark County WA,2026-05-07,Official Clark County on-site septic page covering record search by address or tax account number and environmental health file retrieval,high
wa_clark_02,WA,official_county,Clark County Public Health,Forms,https://clark.wa.gov/public-health/site-septic-system-forms,,,Clark County WA,2026-05-07,"Official Clark County septic forms page exposing as-built drawing, permit, inspection, and missing-record recovery paths",high
wa_thurston_01,WA,official_county,Thurston County Public Health,Time of Transfer,https://www.thurstoncountywa.gov/departments/public-health-and-social-services/environmental-health/septic-systems/septic-systems-permits-resources/time-transfer,,,Thurston County,2026-05-07,"Official Thurston County time-of-transfer page for septic inspection, pumping, and report workflow at sale",high
wa_thurston_02,WA,official_county,Thurston County Community Planning,Septic Sewer Water & Well Information & Regulations,https://www.thurstoncountywa.gov/departments/community-planning-and-economic-development/permitting/building-development-codes/septic-sewer-water-well-information-regulations,,,Thurston County,2026-05-07,"Official Thurston County building-permit information page tying records, septic sizing, and local review to development applications",high
wa_thurston_03,WA,official_county,Thurston County Public Health,Homeowner Maintenance & Requirements,https://www.thurstoncountywa.gov/departments/public-health-and-social-services/environmental-health/septic-systems/homeowner-maintenance-requirements,,,Thurston County,2026-05-07,Official Thurston County homeowner-maintenance page describing operational certificate and recurring septic obligations,high
or_clackamas_01,OR,official_county,Clackamas County,Septic Program,https://www.clackamas.us/septic,,,Clackamas County,2026-05-07,Official Clackamas County septic-program page with county record lookup and septic workflow guidance,high
or_clackamas_02,OR,official_county,Clackamas County,Septic Projects and Document Requirements,https://www.clackamas.us/septic/forms,,,Clackamas County,2026-05-07,Official Clackamas County page listing septic project and document requirements for authorization and permit paths,high
or_clackamas_03,OR,official_county,Clackamas County,Authorization Notice,https://www.clackamas.us/septic/authornotice.html,,,Clackamas County,2026-05-07,"Official Clackamas County authorization-notice page for bedroom additions, replacement dwellings, RVs, reconnects, and change in use",high
or_deschutes_01,OR,official_county,Deschutes County,How to Use DIAL,https://www.deschutes.org/cd/page/how-use-dial,,,Deschutes County,2026-05-07,"Official Deschutes County DIAL guide for permit history, inspection history, and linked document research",high
or_deschutes_02,OR,official_county,Deschutes County,Property & Permit Research,https://www.deschutes.org/cd/page/property-permit-research,,,Deschutes County,2026-05-07,Official Deschutes County property and permit research page for septic-related files since 1970,high
or_deschutes_03,OR,official_county,Deschutes County,Site Evaluation - Research Checklist,https://www.deschutes.org/cd/page/site-evaluation-research-checklist,,,Deschutes County,2026-05-07,Official Deschutes County site-evaluation checklist identifying initial and replacement dispersal areas,high
or_washington_01,OR,official_county,Washington County,Onsite Sewage Authorization,https://www.washingtoncountyor.gov/environmental-health/onsite-sewage-authorization,,,Washington County OR,2026-05-07,"Official Washington County onsite sewage authorization page for bedroom additions, replacement dwellings, hardship dwellings, and change in use",high
or_washington_02,OR,official_county,Washington County,Inspections,https://www.washingtoncountyor.gov/inspections,,,Washington County OR,2026-05-07,"Official Washington County inspections portal for septic permit status, search, scheduling, and results",high
or_washington_03,OR,official_county,Washington County,Residential Building Permit Checklist,https://www.washingtoncountyor.gov/lut/building-services/documents/residential-building-permit-checklist/download?inline=,,,Washington County OR,2026-05-07,Official Washington County residential checklist flagging septic approval for footprint and bedroom changes,high
co_larimer_01,CO,official_county,Larimer County,Septic Systems (OWTS),https://www.larimer.gov/health/environmental-health/septic-systems/septic-systems-owts,,,Larimer County,2026-05-07,"Official Larimer County OWTS page exposing parcel-level septic documents, permit triggers, and remodel upgrade guidance",high
co_larimer_02,CO,official_county,Larimer County,Transfer of Title,https://www.larimer.gov/health/environmental-health/septic-systems/septic-systems-owts/transfer-title,,,Larimer County,2026-05-07,Official Larimer County transfer-of-title septic page covering sale-time acceptance and file review against approved use,high
co_jefferson_01,CO,official_county,Jefferson County,Use Permit Program,https://www.jeffco.us/2386/Use-Permit-Program,,,Jefferson County,2026-05-07,Official Jefferson County use-permit program page covering transfer-of-title use permits for older septic systems,high
co_jefferson_02,CO,official_county,Jefferson County,On-Site Wastewater Treatment Systems,https://www.jeffco.us/2379/Onsite-Wastewater-Treatment-Systems,,,Jefferson County,2026-05-07,Official Jefferson County OWTS page covering construction repair use operation and maintenance permits,high
co_jefferson_03,CO,official_county,Jefferson County,Assessor Property Records Search,https://propertysearch.jeffco.us/,,,Jefferson County,2026-05-07,Official Jefferson County property-records search used as parcel lookup anchor for septic files,high
co_boulder_01,CO,official_county,Boulder County,Check Septic Records,https://bouldercounty.gov/environment/water/septicsmart/check-septic-records/,,,Boulder County,2026-05-07,Official Boulder County septic-records search page for county file retrieval before design or sale decisions,high
co_boulder_02,CO,official_county,Boulder County,OWTS Change in Use Policy,https://bouldercounty.gov/?page_id=226870,,,Boulder County,2026-05-07,Official Boulder County change-in-use policy covering bedrooms ADUs rentals bathrooms and business-use septic capacity triggers,high
co_boulder_03,CO,official_county,Boulder County,Property Transfer,https://bouldercounty.gov/environment/water/septicsmart/property-transfer/,,,Boulder County,2026-05-07,Official Boulder County property-transfer page for septic certificates and conditional transfer workflow,high
ny_albany_01,NY,official_county,Albany County Department of Health,Environmental Health Forms,https://www.albanycountyny.gov/departments/health/programs-services/environmental-health-forms,,,Albany County,2026-05-07,"Official Albany County environmental-health forms page listing onsite wastewater applications, septic-system modification forms, guidance, and process-flow materials",high
ny_albany_02,NY,official_county,Albany County Department of Health,Septic System Replacement Program,https://www.albanycountyny.gov/departments/health/programs-services/septic-system-replacement-program,,,Albany County,2026-05-07,"Official Albany County septic-replacement program page with waterbody-eligibility map, grant application process, and failure or reasonably-likely-to-fail criteria",high
ny_albany_03,NY,official_county,Albany County Water Quality Coordinating Committee,Committee Members,https://www.albanycountyny.gov/departments/economic-development-conservation-and-planning/office-of-natural-resource-conservation/water-quality-coordinating-committee/committee-members,,,Albany County,2026-05-07,Official Albany County page stating the health department provides designs and technical assistance for onsite septic systems and investigates concerns affecting groundwater and surface water,high
cost_bea_01,US,official_economic_context,U.S. Bureau of Economic Analysis,Regional Price Parities and Implicit Regional Price Deflators by State 2023,https://www.bea.gov/news/2024/regional-price-parities-and-implicit-regional-price-deflators-state-and-metro-area-2023,,,national,2026-03-09,"Used only as a broad state price-level multiplier for homeowner planning estimates, not as a septic-specific cost source",high
cost_hg_01,US,commercial_cost,HomeGuide,Septic Tank System Cost,https://homeguide.com/costs/septic-tank-system-cost,,,national,2026-03-09,Public national cost anchors; commercial source only,medium
cost_ha_01,US,commercial_cost,HomeAdvisor,How Much Does Septic Tank Cleaning Cost,https://www.homeadvisor.com/cost/plumbing/clean-septic-tank/,,,national,2026-03-09,Public pumping cost anchor; commercial source only,medium
cost_mod_01,US,commercial_cost,Modernize,Septic Tank Installation Cost,https://modernize.com/plumbing/septic-tank-installation,,,national,2026-03-09,Public installation cost context; commercial source only,medium
cost_mod_02,US,commercial_cost,Modernize,Septic Tank Repair Cost,https://modernize.com/plumbing/septic-tank-repair-cost,,,national,2026-03-09,Public replacement and repair cost context; commercial source only,medium
cost_angi_01,US,commercial_cost,Angi,Perc Test Cost,https://www.angi.com/articles/perc-test-cost.htm,,,national,2026-03-09,Public perc-test cost context; commercial source only,medium
mi_washtenaw_01,MI,official_county,Washtenaw County,Installing a Septic System in Washtenaw County,https://www.washtenaw.org/2499/Installing-a-Septic-System-in-Washtenaw-County,,,Washtenaw County,2026-05-07,Official Washtenaw septic installation page.,high
mi_washtenaw_02,MI,official_county,Washtenaw County,Request Records & Reports,https://www.washtenaw.org/1670/Request-Records-Reports,,,Washtenaw County,2026-05-07,Official Washtenaw records page for well and septic files.,high
mi_washtenaw_03,MI,official_county,Washtenaw County,Time of Sale Program (TOS),https://www.washtenaw.org/1727/Time-of-Sale-Program-TOS,,,Washtenaw County,2026-05-07,Official Washtenaw time-of-sale program page.,high
mi_ottawa_01,MI,official_county,Ottawa County,Well & Septic Permit Applications,https://miottawa.org/health/environmental/well-septic/,,,Ottawa County,2026-05-07,Official Ottawa well and septic permit page.,high
mi_ottawa_02,MI,official_county,Ottawa County,Real Estate Services,https://miottawa.org/health/real-estate-services/,,,Ottawa County,2026-05-07,Official Ottawa real estate transfer evaluation page.,high
mi_ottawa_03,MI,official_county,Ottawa County,Environmental Health Fees,https://miottawa.org/health/environmental/fees/,,,Ottawa County,2026-05-07,Official Ottawa environmental health fees page.,high
mn_olmsted_01,MN,official_county,Olmsted County,Subsurface sewage treatment systems,https://www.olmstedcounty.gov/business/building-development-gis/building-well-septic/subsurface-sewage-treatment-systems,,,Olmsted County,2026-05-07,Official Olmsted SSTS program page.,high
mn_olmsted_02,MN,official_county,Olmsted County,SSTS Land Transfer Compliance Form,https://www.olmstedcounty.gov/sites/default/files/2021-10/508%20SSTS%20Land%20Transfer%20Compliance.pdf,,,Olmsted County,2026-05-07,Official Olmsted land transfer compliance form.,high
mn_olmsted_03,MN,official_county,Olmsted County,"Building, Zoning, Well and Septic Jurisdiction",https://www.olmstedcounty.gov/business/building-development-gis/building-well-septic/building-zoning-well-and-septic-jurisdiction,,,Olmsted County,2026-05-07,Official Olmsted jurisdiction lookup page.,high
wi_kenosha_01,WI,official_county,Kenosha County,Septic Systems,https://www.kenoshacountywi.gov/738/Septic-Systems,,,Kenosha County,2026-05-07,Official Kenosha septic systems page.,high
wi_kenosha_02,WI,official_county,Kenosha County,KCSMP - Home,https://apps.kenoshacountywi.gov/septic/,,,Kenosha County,2026-05-07,Official Kenosha sanitary maintenance portal.,high
wi_kenosha_03,WI,official_county,Kenosha County,Complete Sanitary Forms List,https://www.kenoshacountywi.gov/2496/Complete-Sanitary-Forms-List,,,Kenosha County,2026-05-07,Official Kenosha sanitary forms list.,high
il_mchenry_01,IL,official_county,McHenry County,Onsite Wastewater Treatment Systems (Septic Systems),https://www.mchenrycountyil.gov/departments/health-department/environmental-health/onsite-wastewater-treatment,,,McHenry County,2026-05-07,Official McHenry onsite wastewater page.,high
il_mchenry_02,IL,official_county,McHenry County,Electronic Records Search,https://www.mchenrycountyil.gov/departments/planning-development/electronic-records-search,,,McHenry County,2026-05-07,Official McHenry electronic records search page.,high
il_mchenry_03,IL,official_county,McHenry County,SEPTIC PERMIT PROCESS,https://www.mchenrycountyil.gov/home/showpublisheddocument/104579/637962353593100000,,,McHenry County,2026-05-07,Official McHenry septic permit process document.,high
ks_johnson_01,KS,official_county,Johnson County,Septic Systems,https://www.jocogov.org/department/environment/septic-systems,,,Johnson County,2026-05-07,Official Johnson County septic systems program page.,high
ks_johnson_02,KS,official_county,Johnson County,Resales,https://www.jocogov.org/department/environment/septic-systems/resales,,,Johnson County,2026-05-07,Official Johnson County resale inspection page.,high
ks_johnson_03,KS,official_county,Johnson County,Forms and Fees,https://www.jocogov.org/department/environment/forms-and-fees,,,Johnson County,2026-05-07,Official Johnson County environment forms and fees page.,high
nc_buncombe_01,NC,official_county,Buncombe County Environmental Health,Public Health - Environmental Health,https://www.buncombecounty.org/governing/depts/health/environmentalhealth.aspx,,,Buncombe County,2026-05-07,Official Buncombe environmental health page with septic program links.,high
nc_buncombe_02,NC,official_county,Buncombe County Permits and Environmental Health,Search Techniques for Well and Septic Records,https://www.buncombecounty.org/common/permits/accela/search-techniques-for-well-and-septic-records.pdf,,,Buncombe County,2026-05-07,Official Buncombe county guide for finding septic records.,high
nc_buncombe_03,NC,official_county,Buncombe County Permits & Inspections,Permits & Inspections: Permitting Division,https://www.buncombecounty.org/Governing/Depts/Permits/Permitting.aspx,,,Buncombe County,2026-05-07,Official Buncombe permitting page.,high
nc_chatham_01,NC,official_county,Chatham County Environmental Health,Wastewater and Septic Permits & Monitoring,https://www.chathamcountync.gov/government/departments-programs-a-h/environmental-health/wastewater-and-septic-permits-monitoring,,,Chatham County,2026-05-07,Official Chatham septic program page.,high
nc_chatham_02,NC,official_county,Chatham County Environmental Health,Existing System Approval,https://www.chathamcountync.gov/government/departments-programs-a-h/environmental-health/wastewater-and-septic-permits-monitoring/new-setback-compliance,,,Chatham County,2026-05-07,Official Chatham existing system approval page.,high
nc_chatham_03,NC,official_county,Chatham County Environmental Health,HOW TO SEARCH FOR SCANNED SEPTIC PERMITS,https://www.chathamcountync.gov/home/showpublisheddocument/71318/638735720590270000,,,Chatham County,2026-05-07,Official Chatham scanned septic permit search guide.,high
nc_orange_01,NC,official_county,Orange County Environmental Health,Septic Systems,https://www.orangecountync.gov/731/Septic-Systems,,,Orange County,2026-05-07,Official Orange County septic systems page.,high
nc_orange_02,NC,official_county,Orange County Environmental Health,REQUEST PROPERTY RECORDS FOR SEPTIC AND WELL (PRE-2010),https://www.orangecountync.gov/FormCenter/Health-6/REQUEST-PROPERTY-RECORDS-FOR-SEPTIC-AND--230,,,Orange County,2026-05-07,Official Orange County records request form for older septic files.,high
nc_orange_03,NC,official_county,Orange County Environmental Health,What if I have an existing house that I want to replace or add on to?,https://www.orangecountync.gov/FAQ.aspx?QID=304,,,Orange County,2026-05-07,Official Orange County FAQ on existing system authorization.,high
va_loudoun_01,VA,official_county,Loudoun County Health Department,Well & Septic Records,https://www.loudoun.gov/5771/Well-Septic-Records,,,Loudoun County,2026-05-07,Official Loudoun records page with Online RME and scanned-record guidance.,high
va_loudoun_02,VA,official_county,Loudoun County Health Department,Wells & Onsite Septic Systems,https://www.loudoun.gov/index.aspx?NID=1451,,,Loudoun County,2026-05-07,Official Loudoun county septic program page.,high
va_loudoun_03,VA,official_county,Loudoun County Health Department,Health Clearances,https://www.loudoun.gov/5770/Health-Clearances,,,Loudoun County,2026-05-07,Official Loudoun health clearance page.,high
tn_hamilton_01,TN,official_county,Hamilton County Groundwater Department,Septic Information and Forms,https://www.hamiltontn.gov/BuildingInspection_Septic.aspx,,,Hamilton County,2026-05-07,Official Hamilton septic page with online retrieval instructions.,high
tn_hamilton_02,TN,official_county,Hamilton County Development Services,Development Services,https://www.hamiltontn.gov/Department_DevelopmentServices.aspx,,,Hamilton County,2026-05-07,Official Hamilton development services page.,high
tn_hamilton_03,TN,official_county,Hamilton County Construction & Property Services,Construction & Property Services,https://www.hamiltontn.gov/Services_Construction.aspx/index.aspx,,,Hamilton County,2026-05-07,Official Hamilton construction services page.,high
ga_hall_01,GA,official_county,Hall County Environmental Health,Environmental Health,https://www.hallcounty.org/972/Environmental-Health,,,Hall County,2026-05-07,Official Hall environmental health page with septic record request instructions.,high
ga_hall_02,GA,official_county,Hall County Environmental Health,On-Site Sewage Management Systems (Septic Systems),https://www.hallcounty.org/197/Land-Use-On-Site-Sewage-Management,,,Hall County,2026-05-07,Official Hall septic program page.,high
ga_hall_03,GA,official_county,Hall County Building Inspections,Building Inspections,https://www.hallcounty.org/207/Building-Inspections,,,Hall County,2026-05-07,Official Hall building inspections page requiring environmental health documentation.,high
md_howard_01,MD,county_health_page,Howard County Health Department,Well & Septic Program,https://www.howardcountymd.gov/health/well-septic-program,,official,Howard County,2026-05-07,County program page with public file search and failing-system repair workflow.,high
md_howard_02,MD,county_records_request,Howard County Health Department,Public Information Act (PIA) Request,https://www.howardcountymd.gov/health/public-information-act-pia-request,,official,Howard County,2026-05-07,County records-request path for environmental well and septic records.,high
md_howard_03,MD,county_pdf_form,Howard County Health Department,Information Form - Septic System Repair/Upgrade,https://www.howardcountymd.gov/health/resource/septic-repair-information-form-2-6-20,,official,Howard County,2026-05-07,County repair-intake form referenced by the Well & Septic Program.,high
ny_cayuga_01,NY,county_health_page,Cayuga County Health Department,Septic System Installation & Inspection,https://www.cayugacounty.us/677/Septic-System-Installation-Inspection,,official,Cayuga County,2026-05-07,"County transfer-inspection, pumping, discharge permit, and application hub.",high
ny_cayuga_02,NY,county_records_tool,Cayuga County,Septic System Record Locator,https://ccgis.cayugacounty.us/webapp/srl/,,official,Cayuga County,2026-05-07,County parcel-based septic records lookup tool.,high
ny_cayuga_03,NY,county_pdf_form,Cayuga County Health Department,Application to Modify/Replace an Existing Septic System,https://www.cayugacounty.gov/DocumentCenter/View/28031/Application-to-Modify-or-Repair-a-Septic-System,,official,Cayuga County,2026-05-07,"County application for modifying, repairing, or replacing an existing septic system.",high
md_garrett_01,MD,county_records_portal,Garrett County Health Department,Property Maps and Resources,https://garretthealth.org/property-maps-and-resources/,,official,Garrett County,2026-05-07,County parcel workflow linking directly to digitized health department well and septic documents.,high
md_garrett_02,MD,county_health_page,Garrett County Health Department,Sewage Disposal Systems,https://garretthealth.org/sewage-disposal-systems/,,official,Garrett County,2026-05-07,County permit and inspection rules for individual subsurface sewage disposal systems.,high
md_garrett_03,MD,county_health_page,Garrett County Health Department,Percolation Tests,https://garretthealth.org/percolation-tests/,,official,Garrett County,2026-05-07,"County perc-test process, fees, and site-plan requirements.",high
md_st_marys_01,MD,county_records_portal,St. Mary's County Health Department,Environmental Health Records,https://smchd.org/permits-records/environmental-health-records/,,official,St. Mary's County,2026-05-07,County GIS-based records lookup instructions for on-site septic land records.,high
md_st_marys_02,MD,county_health_page,St. Mary's County Health Department,Perc Testing,https://smchd.org/permits-records/perc-testing/,,official,St. Mary's County,2026-05-07,"County perc-testing workflow for new construction, additions, and failing systems.",high
md_st_marys_03,MD,county_pdf_form,St. Mary's County Health Department,Septic Evaluation/Repair Perc Application,https://smchd.org/wp-content/uploads/Septic-Eval_Repair-Perc-Application-UPDATED.pdf,,official,St. Mary's County,2026-05-07,County repair-perc application for existing-house septic evaluation and repair work.,high
ny_seneca_01,NY,county_pdf_guidance,Seneca County Health Department,Septic System Installation & Inspection,https://senecacountyhealthdepartment.com/wp-content/uploads/2022/03/SepticSystemInstructions.pdf,,official,Seneca County,2026-05-07,County routine and property-transfer inspection instructions.,high
ny_seneca_02,NY,county_pdf_guidance,Seneca County Health Department,Seneca County Inspection Protocol,https://senecacountyhealthdepartment.com/wp-content/uploads/2022/04/Seneca-Co-Insp-Protocol.pdf,,official,Seneca County,2026-05-07,County inspection protocol used in septic transfer and inspection workflow.,high
ny_seneca_03,NY,county_law,Seneca County,Local Law No. 7-2021 Establishing Seneca County Watershed Protection Law,https://www.senecacountyny.gov/wp-content/uploads/2021/10/LOCAL-LAW-7-2021-Establishing-Seneca-County-Watershed-Protection-Law-ADA.pdf,,official,Seneca County,2026-05-07,"County law covering transfer inspections, discharge permits, plan review, variances, and system modification.",high
ny_allegany_01,NY,county_health_page,Allegany County Department of Health,Environmental Health,https://www.alleganyco.gov/departments/health/environmental-health/,,official,Allegany County,2026-05-07,County environmental health page with sanitary survey and septic permit routing.,high
ny_allegany_02,NY,county_pdf_form,Allegany County Department of Health,Application for Sanitary Survey,https://www.alleganyco.gov/wp-content/uploads/Sanitary-Loan-Survey-App-07_19-1.pdf,,official,Allegany County,2026-05-07,County property-transaction sanitary survey application for septic and water inspection workflow.,high
ny_allegany_03,NY,county_pdf_form,Allegany County Department of Health,On-Site Wastewater Treatment System Construction Permit,https://www.alleganyco.gov/wp-content/uploads/Septic-Permit-Application.pdf,,official,Allegany County,2026-05-07,"County permit form for onsite wastewater treatment system construction, replacement, and inspection.",high
mn_stlouis_01,MN,official_county,St. Louis County,Buying/Selling Property,https://www.stlouiscountymn.gov/departments-a-z/planning-development/on-site-wastewater/buying-selling-property,,,St. Louis County,2026-05-07,Official St. Louis County transfer inspection and escrow guidance.,high
mn_stlouis_02,MN,official_county,St. Louis County,Septic Records,https://www.stlouiscountymn.gov/departments-a-z/planning-zoning/onsite-wastewater/training-and-education/septic-records,,,St. Louis County,2026-05-07,Official St. Louis County septic records page.,high
mn_stlouis_03,MN,official_county,St. Louis County,Apply for a Septic Permit,https://www.stlouiscountymn.gov/departments-a-z/planning-zoning/onsite-wastewater/apply-for-a-septic-permit,,,St. Louis County,2026-05-07,Official St. Louis County permit page.,high
wi_washington_01,WI,official_county,Washington County,Septic Systems/POWTS,https://www.washcowisco.gov/departments/natural_resources/land_resources/permits___applications/septic_systems__p_o_w_t_s,,,Washington County,2026-05-07,Official Washington County POWTS page.,high
wi_washington_02,WI,official_county,Washington County,Permits & Applications,https://www.washcowisco.gov/departments/natural_resources/land_resources/permits___applications,,,Washington County,2026-05-07,Official Washington County permits page.,high
wi_washington_03,WI,official_county,Washington County,Washington County - Permits,https://permitapp.washcowisco.gov/login.php,,,Washington County,2026-05-07,Official Washington County permits portal.,high
mo_boone_01,MO,official_county,Boone County,On-Site Wastewater Systems | Resource Management,https://www.boonemo.gov/resource-management/on-sitewastewatersystems.asp,,,Boone County,2026-05-07,Official Boone County onsite wastewater page.,high
mo_boone_02,MO,official_county,Boone County,Records Requests | Resource Management,https://www.boonemo.gov/resource-management/records-requests.asp,,,Boone County,2026-05-07,Official Boone County records request page.,high
mo_boone_03,MO,official_county,Boone County,Forms & Fees | Resource Management,https://www.boonemo.gov/resource-management/forms-fees.asp,,,Boone County,2026-05-07,Official Boone County forms and fees page.,high
ks_sedgwick_01,KS,official_county,Sedgwick County,"Permits | Sedgwick County, Kansas",https://www.sedgwickcounty.org/mabcd/permits/,,,Sedgwick County,2026-05-07,Official Sedgwick County permits page.,high
ks_sedgwick_02,KS,official_county,Sedgwick County,Wastewater - Sedgwick County Only,https://www.sedgwickcounty.org/mabcd/environmental-section/wastewater/,,,Sedgwick County,2026-05-07,Official Sedgwick County wastewater page.,high
ks_sedgwick_03,KS,official_county,Sedgwick County,Non-Point Source Pollution Program,https://www.sedgwickcounty.org/environment/conservation-district/non-point-source-pollution-program/,,,Sedgwick County,2026-05-07,Official Sedgwick County failed-system cost-share page.,high
il_lake_01,IL,official_county,Lake County,Onsite Wastewater Treatment System,https://www.lakecountyil.gov/818/Onsite-Wastewater-Treatment-System,,,Lake County,2026-05-07,Official Lake County OWTS page.,high
il_lake_02,IL,official_county,Lake County,Well & Septic Evaluations,https://www.lakecountyil.gov/2474/Well-Septic-Evaluations,,,Lake County,2026-05-07,Official Lake County well and septic evaluations page.,high
il_lake_03,IL,official_county,Lake County,Septic System Construction Inspection,https://www.lakecountyil.gov/2447/Septic-System-Construction-Inspection,,,Lake County,2026-05-07,Official Lake County septic construction inspection page.,high
mi_livingston_01,MI,official_county,Livingston County,Septic Services,https://milivcounty.gov/environmental-health/septic/,,,Livingston County,2026-05-07,Official Livingston septic services page.,high
mi_livingston_02,MI,official_county,Livingston County,Septic Permits,https://milivcounty.gov/environmental-health/septic/permits/,,,Livingston County,2026-05-07,Official Livingston septic permits page.,high
mi_livingston_03,MI,official_county,Livingston County,Realtor Resources,https://milivcounty.gov/environmental-health/realtor-resources/,,,Livingston County,2026-05-07,Official Livingston realtor resources page.,high
md_anne_arundel_01,MD,county_health_page,Anne Arundel County Department of Health,Wells and Septic Systems,https://www.aahealth.org/environmental-health/wells-and-septic-systems,,official,Anne Arundel County,2026-05-07,"County program page covering permits, inspections, and septic-system review.",high
md_anne_arundel_02,MD,county_records_request,Anne Arundel County Department of Health,Request For Copies of Septic or Well Records Online,https://www.aahealth.org/environmental-health/wells-and-septic-systems/request-copies-septic-or-well-records-online,,official,Anne Arundel County,2026-05-07,"County records-request workflow for septic drawings, soil logs, site plans, and complete perc files.",high
md_anne_arundel_03,MD,county_health_page,Anne Arundel County Department of Health,Well and Septic Applications for Property Improvements,https://www.aahealth.org/environmental-health/wells-and-septic-systems/well-and-septic-applications-property-improvements,,official,Anne Arundel County,2026-05-07,County guidance for additions and other improvements where septic adequacy and replacement area matter.,high
md_frederick_01,MD,county_health_page,Frederick County Health Department,Well & Septic,https://health.frederickcountymd.gov/375/Well-Septic,,official,Frederick County,2026-05-07,"County well and septic overview page with records, repairs, perc work, and building-permit review.",high
md_frederick_02,MD,county_records_request,Frederick County Health Department,Information Research Request Form,https://health.frederickcountymd.gov/FormCenter/Environmental-Health-6/Information-Research-Request-Form-47,,official,Frederick County,2026-05-07,County form for property-specific well and septic information research.,high
md_frederick_03,MD,county_health_page,Frederick County Health Department,Septic Repair,https://health.frederickcountymd.gov/379/Septic-Repair,,official,Frederick County,2026-05-07,"County repair-permit workflow requiring site evaluation, installer coordination, and final inspection.",high
md_dorchester_01,MD,county_health_page,Dorchester County Health Department,Perc Tests and Septic Systems,https://dorchesterhealth.org/environmental-health/perc-tests-and-septic-systems/,,official,Dorchester County,2026-05-07,"County septic page covering property-status requests, perc tests, permits, and licensed installers.",high
md_dorchester_02,MD,county_health_page,Dorchester County Health Department,Environmental Health,https://dorchesterhealth.org/environmental-health/,,official,Dorchester County,2026-05-07,County environmental health page with septic-related services and fee schedule.,high
md_dorchester_03,MD,county_health_page,Dorchester County Health Department,Wells & Individual Water Supply,https://dorchesterhealth.org/environmental-health/wells-individual-water-supply/,,official,Dorchester County,2026-05-07,County page that also points users to the property-status request form for individual well and septic properties.,high
ny_madison_01,NY,county_health_page,Madison County Public Health,Water & Septic - Individual Systems,https://www.madisoncounty.ny.gov/1506/Water-Septic---Individual-Systems,,official,Madison County,2026-05-07,"County page for septic placement guidance, perc observation, alternative system review, and sewage nuisance response.",high
ny_madison_02,NY,county_pdf_form,Madison County Public Health,Application for Review and Approval of Alternative/Household Wastewater Treatment System,https://www.madisoncounty.ny.gov/DocumentCenter/View/23604/Application-for-Review-and-Approval-of-AlternativeHousehold-Wastewater-Treatment-System-PDF?bidId=,,official,Madison County,2026-05-07,County application for alternative household wastewater treatment system review and approval.,high
ny_madison_03,NY,county_health_page,Madison County Public Health,Septic System Replacement Fund,https://www.madisoncounty.ny.gov/3161/Septic-System-Replacement-Fund,,official,Madison County,2026-05-07,County grant page for failing or likely failing septic systems near priority waterbodies.,high
ny_cortland_01,NY,county_health_page,Cortland County Environmental Health,Sewage Systems,https://www.cortlandcountyny.gov/508/Sewage-Systems,,official,Cortland County,2026-05-07,"County sewage-systems page covering permit lanes, completion records, and replacement-fund information.",high
ny_cortland_02,NY,county_pdf_form,Cortland County Health Department,Application For Subsurface Sewage,https://www.cortlandcountyny.gov/DocumentCenter/View/1595/Application-For-Subsurface-Sewage-PDF,,official,Cortland County,2026-05-07,"County construction-permit form for new, replacement, tank-only, and repair septic work.",high
ny_cortland_03,NY,county_pdf_form,Cortland County Environmental Health,Grant Application,https://www.cortlandcountyny.gov/DocumentCenter/View/10343/Septic--Program-Application-Form-Cortland-County,,official,Cortland County,2026-05-07,County septic replacement program application for eligible failing systems.,high
ny_tioga_01,NY,county_health_page,Tioga County Public Health,Public Health,https://www.tiogacountyny.gov/departments/public-health/,,official,Tioga County,2026-05-07,"County public health page with septic permit, inspection, and enforcement routing.",high
ny_tioga_02,NY,county_pdf_form,Tioga County Public Health,Septic Application Full Packet,https://www.tiogacountyny.gov/media/cugiplyr/septic-application-full-packet-fillable.pdf,,official,Tioga County,2026-05-07,County septic permit packet for residential or commercial system work.,high
ny_tioga_03,NY,county_records_tool,Tioga County Real Property Assessment Rolls,New Real Property Data Viewer,https://gis.tiogacountyny.gov/departments/real-property-assessment-rolls/news-items/new-real-property-data-viewer/,,official,Tioga County,2026-05-07,County parcel lookup route for assessment and inventory data before septic file reconciliation.,high
az_pima_01,AZ,official_county,Pima County Department of Environmental Quality,Onsite Wastewater Treatment Facilities,https://www.pima.gov/433/Onsite-Wastewater-Treatment-Facilities?contentId=9bf5b723-3e3a-4af7-a3cd-10646551bb79,,,Pima County,2026-05-07,Official county onsite wastewater hub with construction authorization discharge authorization and site investigation workflow.,high
az_pima_02,AZ,official_county,Pima County Department of Environmental Quality,Septic Records,https://www.pima.gov/465/Septic-Records,,,Pima County,2026-05-07,Official county septic records guidance with parcel address and activity-number lookup paths plus portal and request fallback.,high
az_pima_03,AZ,official_county,Pima County Department of Environmental Quality,Transfer of Property Septic Inspection,https://www.pima.gov/471/Transfer-of-Property-Septic-Inspection,,,Pima County,2026-05-07,Official county transfer inspection workflow requiring inspection report seller document handoff and notice of transfer.,high
az_yavapai_01,AZ,official_county,Yavapai County Development Services,Septic Permits,https://www.yavapaiaz.gov/Development-and-Permits/Development-Services/Customer-Service-Permitting-Unit/Septic-Permits,,,Yavapai County,2026-05-07,Official county septic permit page with required permit packet materials including floor plan plot plan and site investigation results.,high
az_yavapai_02,AZ,official_county,Yavapai County Development Services Environmental Services Unit,Wastewater Permits and Site Investigation (Percolation) Request,https://www.yavapaiaz.gov/Development-and-Permits/Development-Services/Environmental-Services-Unit/Site-Investigations/Wastewater-Permits-and-Site-Investigation-Percolation-Request,,,Yavapai County,2026-05-07,Official county request path for septic permit copies and site investigation results using APN and requester details.,high
az_yavapai_03,AZ,official_county,Yavapai County Development Services,Permitting an Existing Conventional Septic System,https://www.yavapaiaz.gov/files/sharedassets/public/v/3/development-and-permits/development-services/documents/updated-documents/permitting-an-existing-conventional-septic-system.pdf,,,Yavapai County,2026-05-07,Official county guidance for bringing an existing conventional septic system into permit compliance.,high
ut_davis_01,UT,official_county,Davis County Health Department,Onsite Wastewater Systems,https://www.daviscountyutah.gov/health/environmental-health-division/permits/onsite-wastewater-systems-new,,,Davis County,2026-05-07,Official county onsite wastewater page with GIS assessment records search existing system location help and sewer-connection trigger.,high
ut_davis_02,UT,official_county,Davis County Health Department,Onsite Wastewater System Application,https://www.daviscountyutah.gov/docs/librariesprovider5/environmental/permit-applications/ows-application.pdf?sfvrsn=5a2ce553_5,,,Davis County,2026-05-07,Official county application used for feasibility work and records-backed septic review or location help.,high
ut_davis_03,UT,official_county,Davis County Recorder,Property Search,https://www.daviscountyutah.gov/recorder/property-search,,,Davis County,2026-05-07,Official county parcel and property-record search by address or parcel number that supports septic file research.,high
ut_utah_01,UT,official_county,Utah County Health Department,Annual Permits & Certifications,https://health.utahcounty.gov/environmental-health/annual-permits-and-certifications/,,,Utah County,2026-05-07,Official county health page listing onsite wastewater applications including new systems existing system review and septic tank lookup.,high
ut_utah_02,UT,official_county,Utah County Health Department,APPLICATION FOR Septic System Lookup,https://health.utahcounty.gov/wp-content/uploads/sites/49/2022/05/2022-Septic-Tank-Lookup-Application-2.pdf,,,Utah County,2026-05-07,Official county lookup application for septic file research tied to tax serial number and property address.,high
ut_utah_03,UT,official_county,Utah County Community Development,Utah County Building Permit Application,https://codev.utahcounty.gov/cms/uploads/Building_Permit_Application_Form_0880371d08.pdf,,,Utah County,2026-05-07,Official county building permit application requiring health department wastewater approval or public-system signoff when applicable.,high
mt_flathead_01,MT,official_county,Flathead City-County Health Department,Sewage & Septic,https://flathead.mt.gov/department-directory/health/environmental-health/sewage-and-septic,,,Flathead County,2026-05-07,Official county septic hub with mandatory research-first note permit lookup permit application and land-and-septic contacts.,high
mt_flathead_02,MT,official_county,Flathead City-County Health Department,Land Research Request Form,https://flatheadcounty.gov/department-directory/health/environmental-health/land-research-request-form,,,Flathead County,2026-05-07,Official county land research request used before much of the septic application process begins.,high
mt_flathead_03,MT,official_county,Flathead City-County Health Department,Septic Permit Application,https://flatheadcounty.gov/department-directory/health/environmental-health/sewage-and-septic/septic-permit-application,,,Flathead County,2026-05-07,Official county septic permit application entrypoint for new or replacement system review.,high
mt_missoula_01,MT,official_county,Missoula County GIS,Missoula County Property Information System,https://gis.missoulacounty.us/PropertyInformation/,,,Missoula County,2026-05-07,Official county parcel research system searchable by tax ID address legal description and more.,high
mt_missoula_02,MT,official_county,Missoula County GIS,Missoula County Property Fast Facts,https://gis.missoulacounty.us/PropertyFastFacts/?qgeo=04209527301010000,,,Missoula County,2026-05-07,Official county fast-facts tool stating it can show whether a property has septic and well permits.,high
mt_missoula_03,MT,official_county,Missoula County Public Works,Public Works - Building Permits & Inspections,https://www.missoulacounty.us/departments/public-works/building-permits-inspections/,,,Missoula County,2026-05-07,Official county building page directing owners through land use septic building permits and more.,high
nc_brunswick_01,NC,official_county,Brunswick County Environmental Health,Water Protection Program,https://www.brunswickcountync.gov/288/Water-Protection-Program,,,Brunswick County,2026-05-07,"Official county environmental health page explaining onsite wastewater protection, septic site evaluation, existing-system fit issues, and related county septic guidance.",high
nc_brunswick_02,NC,official_county,Brunswick County Environmental Health,On-Site Wastewater Permitting Options,https://brunswickcountync.gov/914/On-Site-Wastewater-Permitting-Options,,,Brunswick County,2026-05-07,"Official county page laying out the traditional, engineered, and evaluator-driven onsite wastewater permit paths and the county review sequence for each.",high
nc_brunswick_03,NC,official_county,Brunswick County Government,Permit Reports,https://www.brunswickcountync.gov/195/Permit-Reports,,,Brunswick County,2026-05-07,"Official county permit reporting page with live permit data, archived reports, and parcel-radius spatial search for active permits.",high
nc_cabarrus_01,NC,official_county,Cabarrus County Government,Environmental Health Site Evaluations for Onsite Wastewater and Wells,https://www.cabarruscounty.us/Government/Departments/Planning/Zoning-Division/Environmental-Health-Site-Evaluations-for-Onsite-Wastewater-and-Wells,,,Cabarrus County,2026-05-07,"Official county page describing new onsite wastewater evaluations, existing-system inspection triggers, and Accela submission routing for septic-served properties.",high
nc_cabarrus_02,NC,official_local,Cabarrus Health Alliance,Onsite Wastewater,https://www.cabarrushealth.org/132/Onsite-Wastewater,,,Cabarrus County,2026-05-07,"Official health authority page covering septic records requests, new soil evaluations, repairs, expansions, and existing-system approval instructions.",high
nc_cabarrus_03,NC,official_local,Cabarrus Health Alliance,Environmental Health Request for Information,https://www.cabarrushealth.org/FormCenter/Wellness-Forms-7/Environmental-Health-Request-for-Informa-79,,,Cabarrus County,2026-05-07,Official environmental health request form used to request septic and well information from Cabarrus Health Alliance.,high
va_jamescity_01,VA,official_county,James City County Stormwater and Resource Protection,Septic Management,https://www.jamescitycountyva.gov/4084/Septic-Management,,,James City County,2026-05-07,"Official county septic management page requiring maintenance documentation, allowing owners to request septic maintenance information, and providing abandonment and compliance steps.",high
va_jamescity_02,VA,official_county,James City County Stormwater and Resource Protection,Septic Pump-out Grant Program,https://www.jamescitycountyva.gov/3987/Septic-Pump-out-Grant-Program,,,James City County,2026-05-07,Official county grant page for eligible property owners seeking no-cost septic tank pumping and related application steps.,high
va_jamescity_03,VA,official_county,James City County Building Safety & Permits,Single-Family Residential & Duplex,https://www.jamescitycountyva.gov/590/Single-Family-Residential-Duplex,,,James City County,2026-05-07,Official county building permit page stating that a sewage-system permit or modification approval is required for septic-served single-family and duplex projects.,high
va_spotsylvania_01,VA,official_county,Spotsylvania County,Septic Pump Out Program,https://www.spotsylvania.va.us/2872/Septic-Pump-Out-Program,,,Spotsylvania County,2026-05-07,Official county page establishing the septic pump-out compliance program and listing the records the county accepts as proof.,high
va_spotsylvania_02,VA,official_county,Spotsylvania County,Health,https://www.spotsylvania.va.us/153/Health,,,Spotsylvania County,2026-05-07,"Official county health page identifying environmental health services, including septic system permitting and inspections through the local health department.",high
va_spotsylvania_03,VA,official_county,Spotsylvania County,Septic Relief Program,https://www.spotsylvania.va.us/m/newsflash/Home/Detail/875,,,Spotsylvania County,2026-05-07,Official county notice highlighting the local septic relief program and reinforcing that septic compliance and assistance are active county workflows.,high
ga_forsyth_01,GA,official_local,Forsyth County Environmental Health,Forsyth County Environmental Health,https://forsythhd.com/pages/environmental/Envrionmental_Health.html,,,Forsyth County,2026-05-07,Official county health page identifying environmental health services that include septic systems and performance evaluations of existing septic systems.,high
ga_forsyth_02,GA,official_local,Forsyth County Environmental Health,Sewage Disposal,https://forsythhd.com/pages/environmental/Sewage/Sewage.html,,,Forsyth County,2026-05-07,"Official sewage disposal page with new permit, repair, pool, addition or modification, pre-purchase, and existing-system evaluation workflows.",high
ga_forsyth_03,GA,official_local,Forsyth County Environmental Health,Forsyth County Environmental Health Fees,https://www.forsythhd.com/pages/environmental/Environmental_Health_Fees.html,,,Forsyth County,2026-05-07,"Official environmental health fee page listing charges for records and building permit review, existing septic evaluation, pre-purchase site evaluation, repairs, and septic permit actions.",high
tn_williamson_01,TN,official_county,Williamson County Department of Sewage Disposal Management,Sewage Disposal,https://www.williamsoncounty-tn.gov/126/Sewage-Disposal,,,Williamson County,2026-05-07,"Official county sewage disposal page covering onsite septic regulation, local authority, homeowner guidance, and department contact information.",high
tn_williamson_02,TN,official_county,Williamson County Community Development,Electronic Plan Submittal & Review Information,https://www.williamsoncounty-tn.gov/1679/Electronic-Plan-Review-Information,,,Williamson County,2026-05-07,Official county plan-review page listing septic-related site plans and nonresidential septic system design review as part of the development workflow.,high
tn_williamson_03,TN,official_county,Williamson County Government,Regulations,https://www.williamsoncounty-tn.gov/151/Regulations,,,Williamson County,2026-05-07,Official county regulations page containing the local rules governing onsite and subsurface sewage disposal system review and layout requirements.,high
mt_gallatin_01,MT,official_local,Gallatin City-County Health Department,Environmental Health Interactive Map,https://www.healthygallatin.org/environmental-health/permits-licenses-regulations-and-complaints/environmental-health-interactive-map/,,,Gallatin County,2026-05-07,Official county-health map page stating the map contains tools for finding wastewater permit data and other environmental data.,high
mt_gallatin_02,MT,official_local,Gallatin City-County Health Department,Wastewater (Septic) Treatment,https://www.healthygallatin.org/environmental-health/water-quality/wastewater-septic-treatment/,,,Gallatin County,2026-05-07,Official county-health wastewater page stating a local permit is always required before installation and linking the county permit application map and records resources.,high
mt_gallatin_03,MT,official_local,Gallatin City-County Health Department,Wastewater Search Information,https://www.healthygallatin.org/environmental-health/water-quality/wastewater-search-information/,,,Gallatin County,2026-05-07,"Official county-health records page with permit search instructions, research hints, 1966 record-start note, and the in-office step when a result shows no scanned images.",high
nv_washoe_01,NV,official_local,Northern Nevada Public Health,Septic Systems & Liquid Waste,https://www.nnph.org/programs-and-services/environmental-health/land-development/septic-liquid-waste.php,,,Washoe County,2026-05-07,Official county-health page stating NNPH has regulatory authority over sewage and wastewater disposal within Washoe County and that test trench repair replacement and abandonment permit steps run through the local program.,high
nv_washoe_02,NV,official_local,Northern Nevada Public Health,Septic & Well Records Request,https://www.nnph.org/resources/health-forms/septic_and_well_records_request.php,,,Washoe County,2026-05-07,"Official county-health records page requiring parcel identifiers, warning that records may be approximate, and stating pending permits may not be provided as final property records.",high
nv_washoe_03,NV,official_local,Washoe County GIS,Geographic Information Systems,https://www.washoecounty.gov/gis/index.php,,,Washoe County,2026-05-07,Official county GIS page linking parcel search WRMS and recorded-map tools needed to anchor APN-based septic research.,high
nv_washoe_04,NV,official_local,Washoe County Community Services Department,Septic to Sewer Conversion Workflow,https://www.washoecounty.gov/csd/engineering_capitalprojects/development_services/development_review_forms/wc_septic_to_sewer_conversion_workflow.pdf,,,Washoe County,2026-05-07,Official county workflow showing the sewer-availability decision gate and next steps when a parcel moves from septic toward sewer connection.,high
wy_teton_01,WY,official_local,Teton County Public Works,Public Works,https://www.tetoncountywy.gov/516/Public-Works,,,Teton County,2026-05-07,Official county page linking the septic permitting portal county GIS hub and Public Works contact details for wastewater work.,high
wy_teton_02,WY,official_local,Teton County Water Quality,Maps,https://www.tetoncountywy.gov/2800/Maps,,,Teton County,2026-05-07,Official county water-quality map page listing wastewater treatment priority areas and related parcel-level water-quality layers.,high
wy_teton_03,WY,official_local,Teton County Planning & Building Services Department,Small Wastewater Facility Permit (SWF) Application,https://www.tetoncountywy.gov/DocumentCenter/View/13327,,,Teton County,2026-05-07,Official county permit packet listing deed map design soils groundwater and engineer requirements for small wastewater facility applications.,high
wy_teton_04,WY,official_local,Teton County Building Division,Building Permit Fees,https://www.tetoncountywy.gov/614/Building-Permit-Fees,,,Teton County,2026-05-07,Official county fee page stating that project submission can trigger small wastewater facility or sewer-connection fees which is a strong workflow signal for parcel triage.,high
nc_union_01,NC,official_county,Union County Environmental Health,On-site Wastewater Disposal (Septic) Systems,https://www.unioncountync.gov/government/departments-a-e/environmental-health/septic-systems,,,Union County,2026-05-07,Official county septic page covering soil and site evaluations repair permitting existing-system inspections for additions and pools and the O&M program.,high
nc_union_02,NC,official_county,Union County Environmental Health,Applications and Forms,https://www.unioncountync.gov/government/departments-a-e/environmental-health/septic-systems/applications-and-forms,,,Union County,2026-05-07,Official county forms page listing the septic application portal compliance inspection report and abandonment application.,high
nc_union_03,NC,official_county,Union County Environmental Health,Wells and Water Testing,https://www.unioncountync.gov/government/departments-a-e/environmental-health/wells-and-water-testing,,,Union County,2026-05-07,Official county page exposing the existing septic and well permit request form and stating that septic-served irrigation installs require a compliance inspection.,high
ga_jackson_01,GA,official_county,"Jackson County, Georgia",Septic Systems,https://www.jacksoncountygov.com/531/Septic-Systems,,,Jackson County,2026-05-07,Official county septic landing page linking to the existing system evaluation request residential permit requirements failure report form and location-plan checklist.,high
ga_jackson_02,GA,official_county_health,Jackson County Environmental Health,Existing System Evaluation Request Form,https://northeasthealthdistrict.org/wp-content/uploads/2023/04/Existing-System-Evaluation-Request-Form.pdf,,,Jackson County,2026-05-07,Official county-health form for existing septic evaluations covering loan closings bedroom additions pools mobile-home moves and other modifications.,high
ga_jackson_03,GA,official_county_health,Jackson County Environmental Health,Application Requirements for Residential Septic System Permits,https://northeasthealthdistrict.org/wp-content/uploads/2023/04/Application-Requirements-for-Residential-Septic-System-Permits.pdf,,,Jackson County,2026-05-07,Official county-health permit sheet stating that incomplete septic applications are not accepted and listing required submission materials.,high
tn_blount_01,TN,official_county,Blount County Development Services,Environmental Health,https://www.blounttn.gov/299/Environmental-Health,,,Blount County,2026-05-07,Official county environmental health page with department contact information and septic oversight context.,high
tn_blount_02,TN,official_county,Blount County Development Services,Forms & Applications,https://blounttn.gov/1243/Forms-Applications,,,Blount County,2026-05-07,Official county forms page listing the inspection letter request site evaluation request SSDS request form septic repair application and permit forms.,high
tn_blount_03,TN,official_county,Blount County Environmental Health Department,SSDS Request Form,https://www.blounttn.gov/DocumentCenter/View/17507/SSDS-Request-Form,,,Blount County,2026-05-07,Official county records request form showing SSDS approval details if found stating no site visit occurs and warning that the form is not an inspection letter for loan closings.,high
az_maricopa_01,AZ,official_county,Maricopa County Environmental Services,Onsite Wastewater (Septic Systems) - Ownership Transfer,https://www.maricopa.gov/2491/Onsite-Wastewater-Ownership-Transfer,,,Maricopa County,2026-05-07,Official county transfer page requiring inspection before transfer seller document handoff and buyer Notice of Transfer filing after closing.,high
az_maricopa_02,AZ,official_county,Maricopa County Environmental Services,Online Septic Research,https://www.maricopa.gov/2581/Online-Septic-Research,,,Maricopa County,2026-05-07,Official county records page offering free online septic search plus paid standard and expedited research-request options.,high
az_maricopa_03,AZ,official_county,Maricopa County,Maricopa County's Permit Center,https://www.maricopa.gov/6003/Maricopa-Countys-Permit-Center,,,Maricopa County,2026-05-07,Official county permit portal used for new permit and inspection activity across Environmental Services and related departments.,high
co_el_paso_01,CO,official_county,El Paso County Public Health,Onsite Wastewater Treatment Systems,https://www.elpasocountyhealth.org/licenses-permits-inspections-water-testing/onsite-wastewater-treatment-systems/,,,El Paso County,2026-05-07,Official county OWTS page stating records are viewable online giving email fallback for missing files and noting permit submissions must come from a licensed installer.,high
co_el_paso_02,CO,official_county,El Paso County Public Health,Certified Property Sale Inspectors,https://www.elpasocountyhealth.org/licenses-permits-inspections-water-testing/onsite-wastewater-treatment-systems/certified-property-sale-inspectors/,,,El Paso County,2026-05-07,Official county transfer-of-title inspection page listing certified inspectors and distinguishing sale inspections from operation and maintenance inspections.,high
co_el_paso_03,CO,official_county,Office of the El Paso County Assessor,El Paso County Assessor,https://assessor.elpasoco.com/,,,El Paso County,2026-05-07,Official county assessor site used by the county health department as the parcel-level public-records search path for OWTS files.,high
or_lane_01,OR,official_county,Lane County Land Management Division,On-Site Wastewater,https://www.lanecounty.org/government/county_departments/public_works/land_management_division/on-_site_wastewater,,,Lane County,2026-05-07,Official county onsite wastewater page covering permit routing repair and alteration authority and the county's sanitation-program workflow.,high
or_lane_02,OR,official_county,Lane County Land Management Division,Property & Permit Research Tools,https://www.lanecounty.org/government/county_departments/public_works/land_management_division/property___permit_research_tools,,,Lane County,2026-05-07,Official county research-tools page linking LMD-PRO and county property-permit lookup tools for sanitation and related records.,high
or_lane_03,OR,official_county,Lane County Land Management Division,On-Site Wastewater Permit Application,https://www.lanecounty.org/common/pages/GetFile.ashx?key=8L44ATdA,,,Lane County,2026-05-07,Official county permit application showing active county branches for new work repairs modifications and authorization notices.,high
mn_chisago_01,MN,official_county,Chisago County,Septic,https://www.chisagocountymn.gov/373/Septic?PREVIEW=YES,,,Chisago County,2026-05-07,Official county septic program page covering permits inspections contractors and standards.,high
mn_chisago_02,MN,official_county,Chisago County,Point-of-Sale Requirements,https://www.chisagocountymn.gov/378/Point-of-Sale-Requirements,,,Chisago County,2026-05-07,Official county transfer-compliance page with certification pumping inspection and winter procedures.,high
mn_chisago_03,MN,official_county,Chisago County,Chisago County Subsurface Sewage Treatment Ordinance,https://www.chisagocountymn.gov/DocumentCenter/View/2240/Chisago-County-Sewage-and-Wastewater-Treatment-Ordinance-PDF,,,Chisago County,2026-05-07,Official county ordinance defining compliance notices of noncompliance permits and point-of-sale requirements.,high
ks_pottawatomie_01,KS,official_county,Pottawatomie County,Environmental Health,https://www.pottcounty.org/151/Environmental-Health,,,Pottawatomie County,2026-05-07,Official county environmental health page with facility inspection policy permit fees and application links for private wastewater systems.,high
ks_pottawatomie_02,KS,official_county,Pottawatomie County,Form Center • Environmental Health,https://www.pottcounty.org/FormCenter/Environmental-Health-5,,,Pottawatomie County,2026-05-07,Official county form center for facility inspection and private sewage health permit applications.,high
ks_pottawatomie_03,KS,official_county,Pottawatomie County,Sanitation Codes,https://www.pottcounty.org/DocumentCenter/View/101/Sanitation-Codes-PDF,,,Pottawatomie County,2026-05-07,Official county sanitary code covering private wastewater permits installers inspections and correction standards.,high
wi_waukesha_01,WI,official_county,Waukesha County,Septic Systems,https://www.waukeshacounty.gov/parks-and-land-use/environmental-health/septic-systems/,,,Waukesha County,2026-05-07,Official county septic systems page covering sanitary permits preliminary site evaluations real-estate evaluations and POWTS maintenance workflow.,high
wi_waukesha_02,WI,official_county,Waukesha County,Environmental Health Fee Schedule,https://www.waukeshacounty.gov/parks-and-land-use/environmental-health/environmental-health-fee-schedule/,,,Waukesha County,2026-05-07,Official county fee schedule listing real-estate transfer evaluations preliminary site evaluations and sanitary permit-related fees.,high
wi_waukesha_03,WI,official_county,Waukesha County,Private Sewage System Plan Review Application,https://www.waukeshacounty.gov/media/2fcbzyxj/private-sewage-system-application.pdf,,,Waukesha County,2026-05-07,Official county permit-packet document for private sewage system plan review.,high
va_fairfax_01,VA,official_county,Fairfax County Health Department,Onsite Sewage Disposal and Private Well Water Systems,https://www.fairfaxcounty.gov/health/sewage-and-water,,,Fairfax County,2026-05-07,Official county health page covering septic permits five-year pump-out compliance and onsite sewage program contact information.,high
va_fairfax_02,VA,official_county,Fairfax County PLUS,Search for Records,https://plus.fairfaxcounty.gov/CitizenAccess/Cap/CapHome.aspx?module=EnvHealth,,,Fairfax County,2026-05-07,Official county environmental-health record search allowing parcel or address lookup and routing users to historical records when PLUS is incomplete.,high
va_fairfax_03,VA,official_county,Fairfax County Public Works and Environmental Services,Connect to the Public Sanitary Sewer System,https://www.fairfaxcounty.gov/publicworks/wastewater/connecting-public-system,,,Fairfax County,2026-05-07,Official county sewer workflow page covering sewer-availability review sanitary as-built information and septic abandonment when public sewer becomes the active branch.,high
va_fairfax_04,VA,official_county,Fairfax County Public Works and Environmental Services,Wastewater FAQ,https://www.fairfaxcounty.gov/publicworks/wastewater/wastewater-faq,,,Fairfax County,2026-05-07,Official county FAQ stating that a failing septic system deemed non-repairable must connect to sewer when public sanitary sewer is available within county limits.,high
nc_mecklenburg_01,NC,official_county,Mecklenburg County Public Health,Septic System Fee Schedule,https://health.mecknc.gov/environmental-health/groundwater-and-wastewater-services/septic-system-fee-schedule,,,Mecklenburg County,2026-05-07,Official county septic fee schedule listing repair alteration and Use Existing System permit categories including the Existing System Permit Application path.,high
nc_mecklenburg_02,NC,official_county,Mecklenburg County Public Health,Basic Steps for a New Septic System,https://health.mecknc.gov/news/basic-steps-new-septic-system,2023-05-19,final,Mecklenburg County,2026-05-07,Official county permit guidance explaining improvement-permit workflow and site-plan requirements for decks walkways and other buildings plus county contact information.,high
nc_mecklenburg_03,NC,official_county,Mecklenburg County Public Health,Septic System Abandonment,https://health.mecknc.gov/news/septic-system-abandonment,2023-05-19,final,Mecklenburg County,2026-05-07,Official county abandonment guidance noting that improper septic abandonment can interfere with future additions renovations foundations and other site changes.,high
az_coconino_01,AZ,official_county,Coconino County Community Development,Environmental Quality,https://www.coconino.az.gov/1156/Environmental-Quality,,,Coconino County,2026-05-07,Official county environmental quality page stating wastewater authority is delegated to the county and covering site investigations permit review discharge authorization inspections and transfer recording.,high
az_coconino_02,AZ,official_county,Coconino County Community Development,Online Applications,https://www.coconino.az.gov/2291/Online-Applications,,,Coconino County,2026-05-07,Official county online portal page routing onsite wastewater septic applications inspection requests and file-search requests and warning that failed file searches are not refunded.,high
az_coconino_03,AZ,official_county,Coconino County,FAQ,https://www.coconino.az.gov/faq,,,Coconino County,2026-05-07,Official county FAQ page noting repair-only septic permit application guidance and county assistance on record and easement questions.,high
az_coconino_04,AZ,official_county,Coconino County Community Development,Notice of Transfer of Ownership for On-Site Wastewater Treatment Facility,https://www.coconino.az.gov/DocumentCenter/View/5448/CCCD-EQ-Notice-of-Transfer-Form?bidId=,,,Coconino County,2026-05-07,Official county transfer guidance requiring inspection within six months before transfer seller document handoff and buyer filing within fifteen calendar days after transfer.,high
az_pinal_01,AZ,official_county,Pinal County,Wells & Septic,https://www.pinal.gov/185/Wells-Septic,,,Pinal County,2026-05-07,Official county Wells & Septic page covering permits inspections septic location tracking public records requests and the citizen access portal.,high
az_pinal_02,AZ,official_county,Pinal County,Fee Schedules,https://www.pinal.gov/1359/Fee-Schedules,,,Pinal County,2026-05-07,Official county fee schedule listing wells and septic fees including discharge transfer subdivision review and investigation charges.,high
az_pinal_03,AZ,official_county,Pinal County,Public Records Request,https://www.pinal.gov/293/Public-Records-Request,,,Pinal County,2026-05-07,Official county public records request portal for county department files when septic location or permit history needs a formal pull.,high
az_pinal_04,AZ,official_county,Pinal County,Applications/Information,https://www.pinal.gov/186/ApplicationsInformation,,,Pinal County,2026-05-07,Official county septic forms page listing NOI packet materials request for discharge presale inspection form notice of transfer and replacement-area materials.,high
az_pinal_05,AZ,official_county,Pinal County Community Development Aquifer Protection Division,Administrative Review Checklist,https://www.pinal.gov/DocumentCenter/View/418/Administrative-Review-Checklist-PDF,,,Pinal County,2026-05-07,Official county checklist showing no-existing-permit review location map or parcel map requirement zoning clearance and sewer-availability letter requirement.,high
az_pinal_06,AZ,official_county,Pinal County Community Development Aquifer Protection Division,Statement for Replacement Area,https://www.pinal.gov/DocumentCenter/View/410/Statement-for-Replacement-Area-PDF,,,Pinal County,2026-05-07,Official county form warning that no replacement area can mean a future alternative system serious site alterations and added engineering or permit cost.,high
az_pinal_07,AZ,official_county,Pinal County Assessor,Assessor,https://www.pinal.gov/486/Assessor,,,Pinal County,2026-05-07,Official county assessor page with Parcel Search and Parcel Map Viewer used to anchor APN-based septic research.,high
az_santa_cruz_01,AZ,official_county,Santa Cruz County Health Services,Onsite Wastewater Treatment Facility (Septic System),https://santacruzcountyaz.gov/984/Onsite-Wastewater-Treatment-Facility-Sep,,,Santa Cruz County,2026-05-07,Official county septic page stating records are public and should be requested with parcel number while also listing NOI packet request-for-discharge and transfer forms.,high
az_santa_cruz_02,AZ,official_county,Santa Cruz County,Public Records Request,https://www.santacruzcountyaz.gov/842/Public-Records-Request,,,Santa Cruz County,2026-05-07,Official county public-records portal explaining written online requests and department routing for county files.,high
az_santa_cruz_03,AZ,official_county,Santa Cruz County,Permits Forms Applications and Resources,https://www.santacruzcountyaz.gov/151/Forms-Resources,,,Santa Cruz County,2026-05-07,Official county forms page listing request for discharge notice of transfer inspection report engineering review site investigation and NOI septic application materials.,high
nc_wake_01,NC,official_county,Wake County Environmental Services,Waste Water Permit Application,https://s3.us-west-2.amazonaws.com/wakegov.com.if-us-west-2/prod/documents/2020-11/Wastewater%20Permit%20Application.pdf,,,Wake County,2026-05-07,Official county wastewater permit application showing permit types for new addition existing expansion abandonment and related existing-system questions.,high
nc_wake_02,NC,official_county,Wake County Government,How to Search for Scanned Septic Permits,https://s3.us-west-1.amazonaws.com/wakegov.com.if-us-west-1/s3fs-public/documents/2023-07/iMAPS%20Permit%20Search.pdf,,,Wake County,2026-05-07,Official county guide for locating scanned septic permits through iMAPS and opening Permit Portal attachments.,high
nc_wake_03,NC,official_county,Wake County Environmental Services,Wake County Environmental Services Wastewater System Abandonment Procedure,https://s3.us-west-2.amazonaws.com/wakegov.com.if-us-west-2/prod/documents/2020-11/Wake%20County%20Wastewater%20System%20Abandonment%20Procedure.pdf,,,Wake County,2026-05-07,Official county abandonment procedure requiring an abandonment permit and listing county-recognized closure steps.,high
nc_wake_04,NC,official_county,Wake County Government,Permit Search - Permit Search,https://permitsearch.wake.gov/,,,Wake County,2026-05-07,Official county permit search tool noting that permit records created after 2018 are accessed through the Wake County Permit Portal.,high
nc_forsyth_01,NC,official_county,Forsyth County Department of Public Health,Wastewater / Septic Systems,https://www.forsyth.cc/publichealth/environmentalhealth/septic_main.aspx,,,Forsyth County,2026-05-07,Official county septic program page linking application information new construction repairs additions and FAQs.,high
nc_forsyth_02,NC,official_county,Forsyth County Department of Public Health,Additions to Existing Property,https://www.forsyth.cc/publichealth/environmentalhealth/septic_additions.aspx,,,Forsyth County,2026-05-07,Official county page stating that septic-served lots need a Health Department Release for outbuildings swimming pools decks home additions and replacement mobile homes and that added bedrooms may require soil site evaluation.,high
nc_forsyth_03,NC,official_county,Forsyth County Department of Public Health,System Problems & Repairs,https://www.forsyth.cc/publichealth/environmentalhealth/septic_repairs.aspx,,,Forsyth County,2026-05-07,Official county repairs page routing failing-system cases into the county repair authorization application path.,high
nc_forsyth_04,NC,official_county,Forsyth County Department of Public Health,Septic System Owner's Guide,https://forsyth.cc/publichealth/assets/documents/septic_guide.pdf,,,Forsyth County,2026-05-07,Official county owner guide telling owners to contact the health department for a copy of the septic tank permit and soil evaluation sheet and warning against building or pool impacts in protected septic areas.,high
mn_blueearth_01,MN,official_county,Blue Earth County Property and Environmental Resources Department,Septic Systems,https://www.blueearthcountymn.gov/350/Septic-Systems,,,Blue Earth County,2026-05-07,County septic program page covering soil verifications design-plan review permit issuance new and replacement installation inspections and review of submitted compliance inspections.,high
mn_blueearth_02,MN,official_county,Blue Earth County Property and Environmental Resources Department,Septic System Disclosure,https://www.blueearthcountymn.gov/355/Septic-System-Disclosure,,,Blue Earth County,2026-05-07,County property-transfer page requiring either a compliance inspection or current certificate or a written agreement to replace the system within ten months of transfer and including winter-sale handling.,high
mn_blueearth_03,MN,official_county,Blue Earth County Property and Environmental Resources Department,Septic Compliance Inspections,https://www.blueearthcountymn.gov/354/Septic-Compliance-Inspections,,,Blue Earth County,2026-05-07,County inspection page listing transfer building permit conditional-use shoreland permit variance and property-division triggers for septic compliance review.,high
mn_blueearth_04,MN,official_county,Blue Earth County Property and Environmental Resources Department,FAQ: How do I get a record of the septic system on a property?,https://www.blueearthcountymn.gov/Faq.aspx?QID=87,,,Blue Earth County,2026-05-07,County FAQ instructing requesters to call or email with the property address or parcel ID so septic information can be sent electronically.,high
wi_stcroix_01,WI,official_county,St. Croix County Community Development Department,Sanitary Program,https://sccwi.gov/328/Sanitary-Program,,,St. Croix County,2026-05-07,County sanitary program page explaining maintenance notices online record lookup sanitary permit requirements for installation repair reconnection or rejuvenation and county POWTS inspection scheduling.,high
wi_stcroix_02,WI,official_county,St. Croix County Community Development Department,Ascent Permit Management,https://ascent.sccwi.gov/,,,St. Croix County,2026-05-07,County permit and maintenance tracking portal linked from the sanitary program page for sanitary maintenance history permit lookup and attached document retrieval.,high
wi_stcroix_03,WI,official_county,St. Croix County Community Development Department,Existing Septic Tank Certification,https://www.sccwi.gov/DocumentCenter/View/440/Existing-Septic-Tank-Certification-PDF,,,St. Croix County,2026-05-07,County form for utilization of existing septic tank capturing inspection or service date flow-back check tank details and permit number when known.,high
ks_ellis_01,KS,official_county,Ellis County Environmental Office,Environmental Office,https://www.ellisco.net/166/Environmental-Office,,,Ellis County,2026-05-07,County environmental office page listing responsibilities that include overseeing property transfers and permitting new wastewater systems and linking directly to transfer and wastewater workflows.,high
ks_ellis_02,KS,official_county,Ellis County Environmental Office,Wastewater System Evaluations and Permitting,https://www.ellisco.net/178/Wastewater-System-Evaluations-Permitting,,,Ellis County,2026-05-07,County wastewater page stating that property-transfer inspections are required within county jurisdiction that permits are required before construction or modification and that a permitted septage hauler must pump tanks before evaluation while county staff are present.,high
ks_ellis_03,KS,official_county,Ellis County Environmental Office,Property Transfers,https://www.ellisco.net/648/Property-Transfers,,,Ellis County,2026-05-07,County property-transfer page requiring inspection and approval before transfer of property with private wastewater systems and stating that the county report includes photos permits waivers and system details.,high
mn_dakota_01,MN,official_county,Dakota County,Septic Systems,https://www.co.dakota.mn.us/Environment/WaterResources/SepticSystem/Pages/default.aspx,,,Dakota County,2026-05-07,County septic systems page covering transfer compliance inspections repair deadlines bedroom-addition triggers and direct records contact information.,high
mn_dakota_02,MN,official_county,Dakota County,County Ordinance 113 – Subsurface Sewage Treatment Systems,https://www.co.dakota.mn.us/LawJustice/Ordinances/Documents/CountyOrdinance113.pdf,,,Dakota County,2026-05-07,County ordinance governing septic standards and more restrictive local requirements referenced by Dakota County septic workflow.,high
mn_dakota_03,MN,official_county,Dakota County,Individual Sewage System As-Built Form,https://www.co.dakota.mn.us/Environment/WaterResources/SepticSystem/Documents/SepticAsBuiltForm.pdf,,,Dakota County,2026-05-07,County as-built form showing property-transfer upgrade fields reserve-area preservation and final system component documentation.,high
mn_dakota_04,MN,official_county,Dakota County,City and Township Septic Contacts,https://www.co.dakota.mn.us/Environment/WaterResources/SepticSystem/Documents/SepticMunicipalAddressesforComplianceInspection.pdf,,,Dakota County,2026-05-07,County contact sheet showing when local municipal septic jurisdiction controls the file and where compliance inspection reports must be submitted.,high
va_clarke_01,VA,official_county,Clarke County,Septic and Well Records / Online RME,https://www.clarkecounty.gov/services/online-services/septic-well-records-online-rme,,,Clarke County,2026-05-07,County records page explaining Online RME search no-results fallback sewer-service-area map and unknown or unapproved system status.,high
va_clarke_02,VA,official_county,Clarke County,Chapter 143 Septic Systems,https://www.clarkecounty.gov/home/showpublisheddocument/10021/638097412169800000,,,Clarke County,2026-05-07,County septic ordinance covering inspection of existing systems permit requirements reutilization of existing systems and stricter local hydrogeology controls.,high
va_clarke_03,VA,official_county,Clarke County,Submit a FOIA Request,https://www.clarkecounty.gov/how-do-i/submit-a-foia-request,,,Clarke County,2026-05-07,County FOIA page with direct records-request contacts cost timing and reasonable-specificity requirements for county-held records.,high
wi_calumet_01,WI,official_county,Calumet County,Sanitation,https://www.calumetcounty.org/205/Sanitation,,,Calumet County,2026-05-07,County sanitation page covering Ascent maintenance records online permit viewer sanitary permit submittal repair-modification forms and property transfer evaluations.,high
wi_calumet_02,WI,official_county,Calumet County,Ascent Permit Management Suite,https://ascent.co.calumet.wi.us/,,,Calumet County,2026-05-07,County Ascent portal used for public POWTS pumping maintenance and sanitary record lookup.,high
wi_calumet_03,WI,official_county,Calumet County,County Online Permit Viewer,https://experience.arcgis.com/experience/cf2067fad0df4cd6a66cb8395bca1940,,,Calumet County,2026-05-07,County online permit viewer used for soil test system design and sanitary permit information when maintenance history alone is not enough.,high
ks_kingman_01,KS,official_county,Kingman County,Sanitation Code,https://www.kingmancoks.org/2173/Sanitation-Code,,,Kingman County,2026-05-07,County sanitation page stating permits are required before repair replacement or construction of private septic systems in unincorporated areas and linking core wastewater forms.,high
ks_kingman_02,KS,official_county,Kingman County,Water Well and/or Wastewater System Permit Application and Information,https://www.kingmancoks.org/DocumentCenter/View/896/PERMIT-APPLICATION-AND-INFORMATION,,,Kingman County,2026-05-07,County permit packet requiring application fee and soil information for wastewater permit review and allowing ten business days for processing.,high
ks_kingman_03,KS,official_county,Kingman County,Planning / Zoning,https://www.kingmancoks.org/2172/Planning-Zoning,,,Kingman County,2026-05-07,County planning page noting some projects require on-site sewage permits under the sanitary code and tying wastewater review to zoning approval on unincorporated land.,high
wa_snohomish_01,WA,official_county,Snohomish County Health Department,Septic Permitting,https://www.snohd.org/166/Septic-Permitting,,,Snohomish County,2026-05-07,County septic permitting page linking permit steps as-built records and land-use routing for onsite systems.,high
wa_snohomish_02,WA,official_county,Snohomish County Health Department,As-Built Records,https://www.snohd.org/159/As-Built-Records,,,Snohomish County,2026-05-07,County as-built records page explaining OnlineRME service history records requests and missing-record fallback for septic files.,high
wa_snohomish_03,WA,official_county,Snohomish County Health Department,Septic Permit Steps,https://www.snohd.org/676/Septic-Permit-Steps,,,Snohomish County,2026-05-07,County permit-steps page describing sequencing and approval path before septic work proceeds.,high
wa_snohomish_04,WA,official_county,Snohomish County,Online RME Instructions,https://snohomishcountywa.gov/DocumentCenter/View/74642/Online-RME-Instructions,,,Snohomish County,2026-05-07,County guide for using OnlineRME to locate septic records and service history tied to a parcel.,high
or_clatsop_01,OR,official_county,Clatsop County,Onsite Septic Systems,https://www.clatsopcounty.gov/commdev/page/fee-schedule,,,Clatsop County,2026-05-07,County onsite septic page linking webmaps records guide site-evaluation applications authorization notice workflow and permit path.,high
or_clatsop_02,OR,official_county,Clatsop County,How to Guide - Access septic records online through Clatsop County Webmaps Database,https://www.clatsopcounty.gov/DocumentCenter/View/1820/How-to-Guide---Access-septic-records-online-through-Clatsop-County-Webmaps-Database,,,Clatsop County,2026-05-07,County guide showing how to pull septic records through webmaps and what to do when the septic info tab is missing.,high
or_clatsop_03,OR,official_county,Clatsop County,Site Evaluation Application,https://www.clatsopcounty.gov/DocumentCenter/View/1833/Site-Evaluation-Application,,,Clatsop County,2026-05-07,County application used when records are weak or a parcel needs fresh site-evaluation work before septic approval.,high
or_clatsop_04,OR,official_county,Clatsop County,Authorization Notice Application,https://www.clatsopcounty.gov/DocumentCenter/View/1835/Authorization-Notice-Application,,,Clatsop County,2026-05-07,County authorization-notice form used when property use changes or additional review is needed around an existing system.,high
wi_dane_01,WI,official_county,Public Health Madison and Dane County,Private Wells & Septic Systems,https://publichealthmdc.com/home-environment/private-wells-septic-systems,,,Dane County,2026-05-07,County-private septic page linking septic record look-up permitting maintenance expectations and environmental-health routing.,high
wi_dane_02,WI,official_county,Public Health Madison and Dane County,View Septic System Records,https://elam.cityofmadison.com/CitizenAccess/Welcome.aspx,,,Dane County,2026-05-07,County-backed portal for address or parcel-based septic record lookup with attachments and related records.,high
wi_dane_03,WI,official_county,Public Health Madison and Dane County,How to Look Up Septic System Records in Dane County,https://publichealthmdc.com/documents/InstructSepticSystem.pdf,,,Dane County,2026-05-07,County lookup guide explaining how to search septic records and open attachments in the portal.,high
wi_dane_04,WI,official_county,Public Health Madison and Dane County,Private Sewage System Abandonment Form,https://publichealthmdc.com/documents/private_sewage_abandonment_form.pdf,,,Dane County,2026-05-07,County abandonment form for old septic systems when reuse or replacement history needs to be confirmed.,high
il_kane_01,IL,official_county,Kane County Health Department,Septic Sewage,https://www.kanehealth.com/Pages/Septic-Sewage.aspx,,,Kane County,2026-05-07,County septic page explaining owner-only plan requests FOIA routing record-era limits and permit friction for repairs and expansions.,high
il_kane_02,IL,official_county,Kane County Health Department,Request for Copy of Septic Design,https://kanehealth.com/Documents/Environmental%20Fees%20Permits%20and%20Ordinances/Septic%20Design%20Request%20Form.pdf,,,Kane County,2026-05-07,County septic design request form for owners requesting layout copies with parcel information.,high
il_kane_03,IL,official_county,Kane County Health Department,Freedom of Information Act,https://www.kanehealth.com/Pages/FOIA.aspx,,,Kane County,2026-05-07,County FOIA route for non-owners seeking septic layouts and other environmental health records.,high
il_kane_04,IL,official_county,Kane County Health Department,Septic Permit Application 2024,https://www.kanehealth.com/Documents/Environmental%20Fees%20Permits%20and%20Ordinances/Septic%20Permit%20Application%202024.pdf,,,Kane County,2026-05-07,County permit application tied to construction alteration or repair review when a layout copy alone is not enough.,high
in_elkhart_01,IN,official_county,Elkhart County Health Department,Septic Permits,https://health.elkhartcounty.com/en/environmental-health/about-environmental-health/septic-permits/,,,Elkhart County,2026-05-07,County septic permits page explaining reuse limits permit procedure and minimum requirements for onsite systems.,high
in_elkhart_02,IN,official_county,Elkhart County Health Department,Elkhart County Septic Look-Up Request,https://health.elkhartcounty.com/documents/212/SEPLKUP.pdf,,,Elkhart County,2026-05-07,County lookup-request form used to retrieve existing onsite sewage records for a parcel.,high
in_elkhart_03,IN,official_county,Elkhart County Health Department,Environmental Health Documents,https://health.elkhartcounty.com/en/environmental-health/about-environmental-health/enivronmental-health-forms/,,,Elkhart County,2026-05-07,County forms library containing septic lookup request permit procedure guide and related sewage documents.,high
in_elkhart_04,IN,official_county,Elkhart County Health Department,Septic Permit Procedure Guide,https://health.elkhartcounty.com/documents/216/Septic_Guidelines_2015_XYsMMQ0.pdf,,,Elkhart County,2026-05-07,County guide for new-construction and existing-system septic permit workflow including drawings and onsite requirements.,high
va_princewilliam_01,VA,official_county,Prince William Health District,Onsite Sewage and Water Services,https://www.vdh.virginia.gov/prince-william/environmental-health/onsite-sewage-and-water-services/,,,Prince William County,2026-05-07,County health-district page stating its onsite sewage and water database is the repository for historical septic and well documentation.,high
va_princewilliam_02,VA,official_county,Prince William County,State Health Department Documents,https://lfportal.pwcgov.org/healthweb/browse.aspx?startid=1,,,Prince William County,2026-05-07,County-hosted database for searching historical septic and well documentation by address and GPIN.,high
va_princewilliam_03,VA,official_county,Prince William County,Development Services Records Center,https://pwcaws.pwcva.gov/department/development-services/development-services-records-center/,,,Prince William County,2026-05-07,County records center for related land-development and as-built material when health-district septic files are incomplete.,high
va_princewilliam_04,VA,official_county,Virginia Department of Health,Application for a Sewage Disposal and/or Water Supply Permit,https://www.vdh.virginia.gov/content/uploads/sites/24/2016/12/Application-for-a-Sewage-Disposal-and-or-Water-Supply-Permit.pdf,,,Prince William County,2026-05-07,Official permit application used in the onsite sewage workflow when owners move beyond records pull into active septic review.,high
nc_pender_01,NC,official_county,Pender County Health Department,On-Site Wastewater Program & Wells,https://pendercountync.gov/230/On-Site-Wastewater-Program-Wells,,,Pender County,2026-05-07,County onsite wastewater page linking septic permit information requests environmental-health guidance and records workflow.,high
nc_pender_02,NC,official_county,Pender County Health Department,Request for Septic Permit Information,https://www.pendercountync.gov/DocumentCenter/View/164/Septic-Permit-Information-Request-PDF,,,Pender County,2026-05-07,County septic-permit information request form for parcel-based file retrieval including permit name and year built.,high
nc_pender_03,NC,official_county,Pender County,PORT Permitting Portal,https://www.pendercountync.gov/1737/PORT-Permitting-Portal,,,Pender County,2026-05-07,County permitting portal used once septic records need to be tied to active permit workflow.,high
nc_pender_04,NC,official_county,Pender County,Residential Structures,https://pendercountync.gov/520/Residential-Structures,,,Pender County,2026-05-07,County build guidance warning owners to confirm septic tank repair area and line location before residential permitting work.,high
nj_sussex_01,NJ,official_county,Sussex County,Septic Systems,https://www.sussex.nj.us/375/Septic-Systems,,,Sussex County,2026-05-07,County septic page linking online septic-plan search plan-copy requests and wastewater management resources.,high
nj_sussex_02,NJ,official_county,Sussex County,Search Online for a Copy of Your Septic Plans,https://records.sussex.nj.us/,,,Sussex County,2026-05-07,County online records search for septic plans tied to individual properties.,high
nj_sussex_03,NJ,official_county,Sussex County,Service Requests,https://www.sussex.nj.us/736/Service-Requests,,,Sussex County,2026-05-07,County request path for septic plan copies and related health-division follow-up when the online search is incomplete.,high
nj_sussex_04,NJ,official_county,Sussex County,Wastewater Management Plan Update,https://www.sussex.nj.us/593/Wastewater-Management-Plan-Update,,,Sussex County,2026-05-07,County wastewater-management context used when a septic file collides with updated planning or management constraints.,high
nj_burlington_01,NJ,official_county,Burlington County,Environmental Health,https://co.burlington.nj.us/384/Environmental-Health,,,Burlington County,2026-05-07,County environmental-health page linking septic permitting repair and compliance workflows.,high
nj_burlington_02,NJ,official_county,Burlington County,Accessing Public Records,https://www.co.burlington.nj.us/1445/Accessing-Public-Records,,,Burlington County,2026-05-07,County public-records route used to retrieve septic permits plans and related compliance history.,high
nj_burlington_03,NJ,official_county,Burlington County,Application for Permit to Construct / Alter an Individual Subsurface Sewage Disposal System,https://www.co.burlington.nj.us/DocumentCenter/View/593/Application-for-Permit-to-ConstructAlter-an-Individual-Subsurface-Sewage-Disposal-System,,,Burlington County,2026-05-07,County construction-or-alteration septic permit form tied to new or expanded system work.,high
nj_burlington_04,NJ,official_county,Burlington County,Application for Approval to Repair or Replace Components to Existing Septic System,https://www.co.burlington.nj.us/DocumentCenter/View/591/Application-for-Approval-to-Repair-or-Replace-Components-to-Existing-Septic-System,,,Burlington County,2026-05-07,County repair-or-replace application used when an existing septic system cannot simply be assumed compliant.,high
md_carroll_01,MD,official_county,Carroll County Health Department,Sewage Disposal,https://health.maryland.gov/carroll/Pages/Sewage-Disposal.aspx,,,Carroll County,2026-05-07,County sewage-disposal page linking septic records requests and perc or wet-weather testing context.,high
md_carroll_02,MD,official_county,Carroll County Health Department,Records Research Request Form,https://health.maryland.gov/carroll/Documents/Records-Research-Request-Form-2018%20%281%29.pdf,,,Carroll County,2026-05-07,County records-research form explaining owner-name dependency for older septic files and no-record limits before 1955.,high
md_carroll_03,MD,official_county,Carroll County Health Department,Well/Septic Plan Checklist,https://health.maryland.gov/carroll/Documents/wellsepticchecklist_revised2013.pdf,,,Carroll County,2026-05-07,County checklist showing plan and plat requirements that matter when archived septic records are weak or incomplete.,high
md_carroll_04,MD,official_county,Carroll County Health Department,Percolation Tests/Wet Weather Testing,https://health.maryland.gov/carroll/Pages/Percolation-Tests-Wet-Weather-Testing.aspx,,,Carroll County,2026-05-07,County testing page that becomes relevant when the legacy septic file is too thin to support a simple repair or reuse story.,high
md_worcester_01,MD,official_county,Worcester County,Septic System Permitting,https://www.co.worcester.md.us/departments/env/septic-system,,,Worcester County,2026-05-07,County septic permitting page explaining the county now reviews and permits designer-submitted septic plans rather than preparing them in-house.,high
md_worcester_02,MD,official_county,Worcester County,EP Permits,https://co.worcester.md.us/departments/env/permits,,,Worcester County,2026-05-07,County permit-contact page giving septic permit routing and direct environmental-programs contacts for parcel-specific file questions.,high
md_worcester_03,MD,official_county,Worcester County Environmental Programs,Septic Permit Application,https://www.co.worcester.md.us/sites/default/files/2023-08/Septic%20Permit%20Application%20NEW%20revised%20July%202023.pdf,,,Worcester County,2026-05-07,County septic permit application used when a parcel moves from file review into formal county septic permitting.,high
md_worcester_04,MD,official_county,Worcester County Environmental Programs,Septic Permit Design Form,https://www.co.worcester.md.us/sites/default/files/2023-08/Septic%20Permit%20Design%20Form%20NEW%20revised%20July%202023.pdf,,,Worcester County,2026-05-07,County design form required for county review when the site path is a true permit-and-design workflow instead of a simple repair.,high
oh_cuyahoga_01,OH,official_county,Cuyahoga County Board of Health,Household Sewage,https://ccbh.net/household-sewage,,,Cuyahoga County,2026-05-07,County household-sewage page covering evaluation scheduling abandonment and operation or management oversight for onsite systems.,high
oh_cuyahoga_02,OH,official_county,Cuyahoga County Board of Health,Household Sewage Downloads,https://ccbh.net/household-sewage-downloads,,,Cuyahoga County,2026-05-07,County downloads page containing point-of-sale evaluation application abandonment permit and other sewage workflow forms.,high
oh_cuyahoga_03,OH,official_county,Cuyahoga County Board of Health,Public Records,https://ccbh.net/public-records/,,,Cuyahoga County,2026-05-07,County public-records route for permit files and related household-sewage documentation when downloads alone are not enough.,high
oh_cuyahoga_04,OH,official_county,Cuyahoga County Board of Health,Sewage Treatment System Point of Sale Evaluation Application,https://ccbh.net/wp-content/uploads/2019/01/SEWAGE-TREATMENT-SYSTEM-POINT-OF-SALE-EVALUATION-APPLICATION-12-26-2018.pdf,,,Cuyahoga County,2026-05-07,County point-of-sale evaluation application stressing pre-listing timing and sale-risk implications for sewage systems.,high
az_yuma_01,AZ,official_county,Yuma County,Development Services,https://www.yumacountyaz.gov/government/development-services,,,Yuma County,2026-05-07,County development-services page linking permit information inspections forms and public-records requests relevant to septic plot plans and permit copies.,high
az_yuma_02,AZ,official_county,Yuma County,eTRAKiT,https://yuma-trk.aspgov.com/etrakit/,,,Yuma County,2026-05-07,County permit portal for permit status property information and septic-related permit tracking.,high
az_yuma_03,AZ,official_county,Yuma County,Public Records Request FAQ,https://www.yumacountyaz.gov/Home/Components/FAQ/Faq/GetFaqAnswerPartial?answerPrefix=&id=460&questionPrefix=&showAPrefix=False&showQPrefix=False,,,Yuma County,2026-05-07,County public-records guidance explicitly listing parcel file information permit copies and septic plot plans as available request targets.,high
az_yuma_04,AZ,official_county,Yuma County,Development Services Forms,https://www.yumacountyaz.gov/government/development-services/forms,,,Yuma County,2026-05-07,County forms surface for development-services workflows when septic transfer or permit routing goes beyond a basic record pull.,high
co_pitkin_01,CO,official_county,Pitkin County,Wastewater Treatment,https://www.pitkincounty.com/1146/Wastewater,,,Pitkin County,2026-05-07,County wastewater page describing parcel-number-first OWTS record search and county review of septic design and permit work.,high
co_pitkin_02,CO,official_county,Pitkin County,Records Search,https://pitkincounty.com/195/Records-Search,,,Pitkin County,2026-05-07,County records-search path used when parcel-specific wastewater documents must be requested or confirmed beyond the scanned-doc search.,high
co_pitkin_03,CO,official_county,Pitkin County,OWTS Use Permit Form Instructions,https://www.pitkincounty.com/DocumentCenter/View/625/OWTS-Use-Permit-Inspection-Form-Instructions-PDF,,,Pitkin County,2026-05-07,County use-permit instructions that surface the inspection and maintenance obligations attached to an OWTS system.,high
co_pitkin_04,CO,official_county,Pitkin County,Onsite Wastewater Treatment System (OWTS),https://www.pitkincounty.com/DocumentCenter/Home/View/624,,,Pitkin County,2026-05-07,County OWTS document center tying scanned wastewater documents and forms to parcel-specific septic review.,high
nj_atlantic_01,NJ,official_county,Atlantic County,Sewage Disposal (Septic System) Program,https://www.atlanticcountynj.gov/government/county-departments/department-of-human-services/division-of-public-health/environmental-health/sewage-disposal-septic-system-program,,,Atlantic County,2026-05-07,County septic program page linking permit application forms ordinance and environmental-health routing.,high
nj_atlantic_02,NJ,official_county,Atlantic County,Online Request Form,https://www.atlanticcountynj.gov/government/county-departments/department-of-human-services/division-of-public-health/environmental-health/online-request-form,,,Atlantic County,2026-05-07,County records-request path for environmental-health and septic file questions tied to a parcel.,high
nj_atlantic_03,NJ,official_county,Atlantic County,Environmental Health,https://www.atlanticcountynj.gov/government/county-departments/department-of-human-services/division-of-public-health/environmental-health,,,Atlantic County,2026-05-07,County environmental-health hub giving access to septic program routing and related county workflow context.,high
nj_atlantic_04,NJ,official_county,Atlantic County,Septic Permit Application Form,https://www.atlanticcountynj.gov/home/showpublisheddocument/19948/638430734878370000,,,Atlantic County,2026-05-07,County septic permit application used when a parcel moves from records review into active county permit workflow.,high
md_cecil_01,MD,official_county,Cecil County Health Department,Permits and Forms,https://cecilcountyhealth.org/resources/permits-and-forms/,,,Cecil County,2026-05-07,County permits-and-forms hub exposing onsite sewage applications and the routing to Water and Sewer Planning for environmental investigations and records.,high
md_cecil_02,MD,official_county,Cecil County Health Department,Cecil County Well & Septic Services FAQ,https://cecilcountyhealth.org/wp-content/uploads/2023/08/Cecil-County-Well-Septic-Services-FAQ-1.pdf,,,Cecil County,2026-05-07,County FAQ explaining processing friction and the split between health-department approvals and county Water and Sewer Planning.,high
md_cecil_03,MD,official_county,Cecil County Health Department,Perc Test Application and Permit Release,https://cecilcountyhealth.org/wp-content/uploads/2021/02/on-site-sewage-permit-application-1.pdf,,,Cecil County,2026-05-07,County onsite sewage permit application for new or repair septic workflows when a parcel moves beyond records review.,high
md_cecil_04,MD,official_county,Cecil County Health Department,Bay Restoration Fund Septic System Upgrade Program,https://cecilcountyhealth.org/services/environmental-health-services/bay-restoration-fund/,,,Cecil County,2026-05-07,County septic-upgrade page that changes the replacement conversation when nitrogen-reduction or funding triggers apply.,high
nj_capemay_01,NJ,official_county,Cape May County,Septic Systems,https://capemaycountynj.gov/391/Septic-Systems,,,Cape May County,2026-05-07,County septic-systems page describing county environmental-services review and cross-agency septic approvals.,high
nj_capemay_02,NJ,official_county,Cape May County,Government Records,https://capemaycountynj.gov/591/Government-Records,,,Cape May County,2026-05-07,County public-records hub for retrieving parcel and departmental files before trusting a simple septic story.,high
nj_capemay_03,NJ,official_county,Cape May County,Submitting a Records Retrieval Request,https://capemaycountynj.gov/DocumentCenter/View/216/Submitting-a-Records-Retrieval-Request-PDF,,,Cape May County,2026-05-07,County records-retrieval instructions that matter when septic approvals or environmental files are not obvious from the parcel story.,high
nj_capemay_04,NJ,official_county,Cape May County,Open Public Records Act Request Form,https://capemaycountynj.gov/DocumentCenter/View/5085/Government-Records-Request-Form-2020,,,Cape May County,2026-05-07,County OPRA request form used when buyers or owners need formal access to county records tied to a property.,high
nc_johnston_01,NC,official_county,Johnston County Environmental Health Department,On-Site Wastewater (Septic Systems),https://www.johnstonnc.gov/envhealth/content.cfm?pd=septic,,,Johnston County,2026-05-07,County septic page describing permit status checks permit-image requests repair workflow and recurring pump inspections.,high
nc_johnston_02,NC,official_county,Johnston County Environmental Health Department,Septic Permit Street Search,https://www.johnstonnc.gov/envhealth/streetsearch.cfm,,,Johnston County,2026-05-07,County street-search tool for checking septic permit status before relying on seller paperwork.,high
nc_johnston_03,NC,official_county,Johnston County Environmental Health Department,Application for Septic System and Well,https://www.johnstonnc.gov/envhealth/files/SepticApp27.pdf,,,Johnston County,2026-05-07,County septic application form used when a parcel moves from due diligence into a formal permit path.,high
nc_johnston_04,NC,official_county,Johnston County Environmental Health Department,Applications Forms and Rules,https://www.johnstonnc.gov/envhealth/content.cfm?pd=rules,,,Johnston County,2026-05-07,County environmental-health forms surface supporting abandonment and repair workflows when the file is incomplete.,high
az_mohave_01,AZ,official_county,Mohave County,Septic & Well Permitting,https://www.mohave.gov/departments/development-services/environmental-qualitywaste-disposal/septic-well-permitting/,,,Mohave County,2026-05-07,County septic and well permitting page covering construction authorization discharge authorization transfer notices and plot-plan availability.,high
az_mohave_02,AZ,official_county,Mohave County,Grading Requirements,https://www.mohave.gov/departments/development-services/building-division/documents/grading-requirements/,,,Mohave County,2026-05-07,County grading guidance telling owners to request septic plot plans or site plans from Development Services for property-records consistency.,high
az_mohave_03,AZ,official_county,Mohave County,Location Information,https://www.mohave.gov/departments/development-services/location-information/,,,Mohave County,2026-05-07,County contact page for permit staff handling septic records and property-specific plot-plan questions.,high
az_mohave_04,AZ,official_county,Mohave County,Builder Packet,https://www.mohave.gov/media/p2uldcm5/builder-packet.pdf,,,Mohave County,2026-05-07,County builder packet surfacing the septic permit number and water-tightness certification artifacts tied to active septic work.,high
co_mesa_01,CO,official_county,Mesa County,About the Septic (OWTS) Department,https://www.mesacounty.us/departments-and-services/community-development/septic-systems/about-septic-owts-department,,,Mesa County,2026-05-07,County OWTS page explaining permit issuance septic clearances and land-use review when onsite wastewater is proposed.,high
co_mesa_02,CO,official_county,Mesa County,Resources for the Septic Systems,https://www.mesacounty.us/departments-and-services/community-development/septic-systems/resources-septic-systems,,,Mesa County,2026-05-07,County septic resources page exposing the septic system location map and clearance or permit applications.,high
co_mesa_03,CO,official_county,Mesa County,Inspection information for Septic Systems,https://www.mesacounty.us/departments-and-services/community-development/septic-systems/inspection-information-septic-systems,,,Mesa County,2026-05-07,County inspection page showing how septic permits move through the customer portal and official inspection workflow.,high
co_mesa_04,CO,official_county,Mesa County,Permit Records Pre 1988 for the Building Department,https://www.mesacounty.us/departments-and-services/community-development/building/permit-records-pre-1988-building-department,,,Mesa County,2026-05-07,County pre-1988 permit search for historical parcel records when newer septic or building files are missing.,high
va_york_01,VA,official_county,York County,York County Development Guide,https://www.yorkcounty.gov/2560/York-County-Development-Guide,,,York County,2026-05-07,County development guide stating private utilities are handled through state health septic approvals and splitting upper and lower county environmental-health contacts.,high
va_york_02,VA,official_county,York County,Building Permit Requirements,https://www.yorkcounty.gov/DocumentCenter/View/252/Building-Permit-Requirements,,,York County,2026-05-07,County building requirements page demanding either sewer-fee receipts or state septic permit approval with tank drainfield and 100 percent reserve drainfield shown.,high
va_york_03,VA,official_county,York County,FAQ About Septic Questions and Permit Routing,https://www.yorkcounty.gov/FAQ.aspx?QID=273,,,York County,2026-05-07,County FAQ routing owners to the correct septic permitting authority before building or closing assumptions harden.,high
va_york_04,VA,official_county,Virginia Department of Health,York County - Environmental Health,https://www.vdh.virginia.gov/environmental-health/york-county/,,,York County,2026-05-07,State environmental-health page providing the health-district context behind York County septic approvals and local contacts.,high
md_harford_01,MD,official_county,Harford County Health Department,Building with a Well and Septic System,https://harfordcountyhealth.com/wp-content/uploads/2025/01/Building-With-A-Well-and-Septic-System1.pdf,,,Harford County,2026-05-07,County booklet explaining the sanitary construction permit path for lots served by private well and septic.,high
md_harford_02,MD,official_county,Harford County Health Department,Building Permits for Additions,https://harfordcountyhealth.com/wp-content/uploads/2025/01/Additions.pdf,,,Harford County,2026-05-07,County additions guide showing reserve-area conflicts and when septic certifications or updated perc tests become necessary.,high
md_harford_03,MD,official_county,Harford County,Building Inspections,https://harfordcountymd.gov/295/Building-Inspections,,,Harford County,2026-05-07,County building-inspections page routing owners back to the health department for well and septic review during permit workflow.,high
md_harford_04,MD,official_county,Harford County,Plumbing Mechanical Services,https://www.harfordcountymd.gov/338/PlumbingMechanical-Services,,,Harford County,2026-05-07,County plumbing-services page that surfaces septic-sensitive permit review when plumbing work changes onsite wastewater assumptions.,high
az_cochise_01,AZ,official_county,Cochise County,Septic Systems,https://www.cochise.az.gov/898,,,Cochise County,2026-05-07,County septic page explaining soil and site evaluation reserve field expectations and how owners locate existing tank records.,high
az_cochise_02,AZ,official_county,Cochise County,Environmental Health Services Division,https://www.cochise.az.gov/460/Environmental-Health-Services-Division,,,Cochise County,2026-05-07,County environmental-health division page that owns septic permitting and related public-health workflow.,high
az_cochise_03,AZ,official_county,Cochise County,Inspection Report Septic Tank Decommission,https://www.cochise.az.gov/DocumentCenter/View/9420/Inspection-Report---Septic-Tank-Decommission-PDF,,,Cochise County,2026-05-07,County decommission inspection artifact showing the formal paperwork path when a septic system is altered or retired.,high
az_cochise_04,AZ,official_county,Cochise County,Sanitary Code Ordinance 014-94,https://www.cochise.az.gov/DocumentCenter/View/1510/Sanitary-Code-Ordinance-014-94-PDF,,,Cochise County,2026-05-07,County sanitary-code source reinforcing approval rules for individual septic systems and reserve disposal constraints.,high
co_weld_01,CO,official_county,Weld County,Septic Systems On-site Wastewater Treatment Systems,https://www.weld.gov/Government/Departments/Health-and-Environment/Environmental-Health-Services/Septic-Systems,,,Weld County,2026-05-07,County OWTS page covering loan approval inspections change-of-use evaluations abandonment and permit-file availability.,high
co_weld_02,CO,official_county,Weld County,Residential Septic,https://www.weld.gov/wayfinder/Permits/Select-Permit/Septic-biosolids/Septic-System/Residential-Septic,,,Weld County,2026-05-07,County permit selector page for new installation or repair and replacement residential septic paths.,high
co_weld_03,CO,official_county,Weld County,2026 Environmental Health Fee Schedule,https://www.weld.gov/files/sharedassets/public/v/1/departments/health-and-environment/documents/environmental-health/owts/2026-ehs-fee-schedule_final.pdf,,,Weld County,2026-05-07,County fee schedule showing file-review and OWTS service fees that make the real workflow more concrete.,high
co_weld_04,CO,official_county,Weld County,Public Health and Environment Septic List,https://apps.weld.gov/health/septic/index.cfm?loadseptic=install,,,Weld County,2026-05-07,County-hosted septic database surface tied to licensed installers and parcel-level OWTS workflow.,high
co_douglas_01,CO,official_county,Douglas County,Septic Systems,https://www.douglas.co.us/health-department/septic-systems/,,,Douglas County,2026-05-07,County septic page covering permit repair and use workflows under local health regulations.,high
co_douglas_02,CO,official_county,Douglas County,Septic System Records,https://www.douglas.co.us/health-department/septic-system-records/,,,Douglas County,2026-05-07,County OWTS permit-map page for searching records by address owner name record id or file name.,high
co_douglas_03,CO,official_county,Douglas County,Septic System Permit Process,https://www.douglas.co.us/health-department/septic-system-permit-process/,,,Douglas County,2026-05-07,County permit-process page describing the application and submission path for septic permits and repairs.,high
co_douglas_04,CO,official_county,Douglas County,Septic System FAQs,https://www.douglas.co.us/health-department/septic-system-faqs/,,,Douglas County,2026-05-07,County FAQ page explaining four-year pumping and inspection obligations OWTS permit map use and repair triggers.,high
mi_kent_01,MI,official_county,Kent County,Septic and Well Permits,https://www.kentcountymi.gov/1670/Well-or-Septic-Permits,,,Kent County,2026-05-07,County well and septic page covering site evaluation permits real-estate evaluation and addition-change-of-use review.,high
mi_kent_02,MI,official_county,Kent County,Residential Well and Septic Permit Application,https://www.kentcountymi.gov/DocumentCenter/View/1676/Residential-Well-and-Septic-Permit-Application-PDF,,,Kent County,2026-05-07,County application for site evaluation and residential septic projects when owners move beyond records review.,high
mi_kent_03,MI,official_county,Kent County,Frequently Asked Questions About Sewer Water and Septic Records,https://www.kentcountymi.gov/Faq.aspx?TID=56,,,Kent County,2026-05-07,County FAQ that explicitly routes well and septic records to the Kent County Health Department.,high
mi_kent_04,MI,official_county,Kent County,Well and Septic Permits Staff Directory,https://www.kentcountymi.gov/Directory.aspx?did=57,,,Kent County,2026-05-07,County contact directory for the staff handling septic permits evaluations and records questions.,high
mi_genesee_01,MI,official_county,Genesee County Health Department,Public Records Request for Well and Septic Information,https://www.geneseecountymi.gov/Document_Center/Department/Health%207-18-22/EH/Wells/RECORD%20CHECK%20FORM-%20MASTER.pdf?t=202303170919470,,,Genesee County,2026-05-07,County public-records request form for parcel-level well and septic files.,high
mi_genesee_02,MI,official_county,Genesee County Health Department,Application for On-Site Sewage System for Vacant Land,https://www.geneseecountymi.gov/Document_Center/Department/Health%207-18-22/EH/Septic/SEPTIC%20perc%20instructions%202025.pdf?t=202510021508270,,,Genesee County,2026-05-07,County vacant-land septic instructions showing perc-test lead time site-plan requirements and engineered-system triggers.,high
mi_genesee_03,MI,official_county,Genesee County Health Department,Replacement Permit for Existing On-Site Sewage System,https://www.geneseecountymi.gov/Document_Center/Department/Health%207-18-22/EH/Septic/SEPTIC%20replacement%20instructions%202025.pdf?t=202510021510490,,,Genesee County,2026-05-07,County replacement-permit instructions that deny replacement when sewer connection is available and force the real branch early.,high
mi_genesee_04,MI,official_county,Genesee County Health Department,On-Site Sewage Disposal Application,https://www.geneseecountymi.gov/Document_Center/Department/Health%207-18-22/EH/Septic/SEPTIC%20APPLICATION%20fillable%202025.pdf?t=202510021505400,,,Genesee County,2026-05-07,County fillable onsite sewage application used when a parcel moves from file review into permit issuance.,high
nj_ocean_01,NJ,official_county,Ocean County,OPRA Law Information,https://www.co.ocean.nj.us/frmOpraLaw.aspx,,,Ocean County,2026-05-07,County OPRA page explicitly routing environmental records requests to the Ocean County Health Department.,high
nj_ocean_02,NJ,official_county,Ocean County,List of Departments,https://www.co.ocean.nj.us/frmDepartments.aspx?ID=287,,,Ocean County,2026-05-07,County department directory confirming the Ocean County Health Department as the local contact for health and environmental records workflow.,high
nj_ocean_03,NJ,official_county,Ocean County,Wastewater Management Plan,https://co.ocean.nj.us/WebContentFiles/44e7a118-27ec-4c00-9549-24156640b36d.pdf,,,Ocean County,2026-07-10,County wastewater plan showing septic management practices and health-department design review context.,high
nj_ocean_04,NJ,official_county,Ocean County,Government Directory,https://www.co.ocean.nj.us/frmGovDirPage.aspx?ID=274,,,Ocean County,2026-07-10,County government directory for direct department contact when parcel records need to move from OPRA into health workflow.,high
nj_monmouth_01,NJ,official_county,Monmouth County Health Department,Annual Report,https://www.co.monmouth.nj.us/documents/121/HEALTH_DEPT._2020-2021_ANNUAL_REPORT.pdf,,,Monmouth County,2026-07-10,County annual report confirming septic and well programs including design review approval and inspections.,high
nj_monmouth_02,NJ,official_county,Monmouth County Health Department,Monmouth County Health,https://www.co.monmouth.nj.us/documents/118/Monmouth%20County%20Health%20Dept%205-17-16%20rev1.pdf,,,Monmouth County,2026-05-07,County health-department overview surfacing septic system design review approval and inspection responsibilities.,high
nj_monmouth_03,NJ,official_county,Monmouth County Office of Public Health,About the Office of Public Health,https://www.visitmonmouth.com/Page.aspx?Id=4429,,,Monmouth County,2026-05-07,County public-health hub for county health department identity and routing context.,high
nj_monmouth_04,NJ,official_county,Monmouth County Office of Public Health,County Health Department Contact List,https://www.visitmonmouth.com/Page.aspx?Id=2976,,,Monmouth County,2026-05-07,County health-department contact list for the member-town routing that matters when a septic file depends on the local health office.,high
mi_oakland_01,MI,official_county,Oakland County,Onsite Sewage Disposal System Septic,https://www.oakgov.com/community/health/public-health-services/environmental-health/onsite-sewage-disposal-system-septic,,,Oakland County,2026-05-07,County septic page covering online permit applications perc denial appeals and permit file retention.,high
mi_oakland_02,MI,official_county,Oakland County,For a Septic Permit,https://www.oakgov.com/Home/Components/ServiceDirectory/ServiceDirectory/1145/,,,Oakland County,2026-05-07,County service directory entry for applying for a septic permit and routing applicants into the health division.,high
mi_oakland_03,MI,official_county,Oakland County,Septics Online Help,https://apps.oakgov.com/EHLT0006/help/Septics/OnlineHelp/MainHelp/Output/SepticsOnlineHelpTOC.htm,,,Oakland County,2026-05-07,County online permit help surface that makes permit status and septic application workflow machine-readable.,high
mi_oakland_04,MI,official_county,Oakland County,Well and Water Services,https://www.oakgov.com/community/health/public-health-services/environmental-health/well-and-water-services,,,Oakland County,2026-05-07,County water-services page useful when septic permit decisions intersect with contamination or well setbacks on the parcel.,high
mi_macomb_01,MI,official_county,Macomb County,Onsite Sewage Disposal Septic Systems,https://www.macombgov.org/departments/health-department/environmental-health-services/onsite-sewage-disposal,,,Macomb County,2026-05-07,County septic page covering soil evaluations permits inspections and failing-system complaints.,high
mi_macomb_02,MI,official_county,Macomb County Environmental Health Services Division,Procedures for Obtaining an Onsite Sewage Disposal Permit,https://www.macombgov.org/sites/default/files/files/2025-03/Procedures%20for%20Obtaining%20an%20Onsite%20Sewage%20Disposal%20Permit_3-18.pdf,,,Macomb County,2026-05-07,County procedure guide for new-home septic permits and the full permit workflow.,high
mi_macomb_03,MI,official_county,Macomb County Health Department,Application Portal User Guide,https://www.macombgov.org/sites/default/files/files/2023-10/aca-create-application-user-guide_v23.02.pdf,,,Macomb County,2026-05-07,County portal guide showing the online application flow for septic services and permit requests.,high
mi_macomb_04,MI,official_county,Macomb County,Onsite Sewage Disposal Permit Service Fees,https://www.macombgov.org/departments/health-department/environmental-health-services/onsite-sewage-disposal,,,Macomb County,2026-05-07,County fee and services surface reinforcing that the county handles perc tests permits inspections and site evaluations directly.,high
mi_ingham_01,MI,official_county,Ingham County Health Department,Well and Septic,https://docs.ingham.org/health/environmental_health/well_and_septic.php,,,Ingham County,2026-05-07,County well-and-septic page surfacing point-of-sale inspectors permits and the environmental viewer map.,high
mi_ingham_02,MI,official_county,Ingham County Health Department,Permits and Licensing,https://docs.ingham.org/health/environmental_health/permits_licensing.php,,,Ingham County,2026-05-07,County permits and licensing page confirming local health department control over well and septic workflow.,high
mi_ingham_03,MI,official_county,Ingham County Health Department,Point of Sale Brochure,https://docs.ingham.org/Department/Health%20Department/environmental%20health/POS_Brochure_update.pdf?t=202311221018550,,,Ingham County,2026-05-07,County point-of-sale brochure showing inspection triggers and why sale-time septic workflow matters locally.,high
mi_ingham_04,MI,official_county,Ingham County Health Department,Certified Point of Sale Inspectors,https://docs.ingham.org/Department/Health%20Department/environmental%20health/InspectorsReferenceSheet.pdf,,,Ingham County,2026-05-07,County inspector list that turns buyer records work into a concrete point-of-sale inspection path.,high
mi_kalamazoo_01,MI,official_county,Kalamazoo County,Sewage Treatment,https://www.kalcounty.gov/295/Sewage-Treatment,,,Kalamazoo County,2026-05-07,County sewage-treatment page covering evaluations property upgrades vacant land and pumping records kept in the property file.,high
mi_kalamazoo_02,MI,official_county,Kalamazoo County,Application Quick Links,https://www.kalcounty.gov/281/Application-Quick-Links,,,Kalamazoo County,2026-05-07,County application hub exposing residential sewage permits septic evaluations and change-of-use requests.,high
mi_kalamazoo_03,MI,official_county,Kalamazoo County,Residential Sewage Treatment Permit,https://www.kalcounty.gov/DocumentCenter/View/712/Residential-Sewage-Treatment-Permit-PDF,,,Kalamazoo County,2026-05-07,County residential sewage permit packet that makes the application and file requirements explicit.,high
mi_kalamazoo_04,MI,official_county,Kalamazoo County,Kalamazoo County Sanitary Code,https://www.kalcounty.gov/DocumentCenter/View/840/Kalamazoo-County-Sanitary-Code-PDF.pdf,,,Kalamazoo County,2026-05-07,County sanitary code anchoring replacement permit tank sizing and change-of-use realities that break generic septic stories.,high
co_adams_01,CO,official_county,Adams County Health Department,Septic Systems,https://adamscountyhealthdepartment.org/permits-install-repair-or-expand-owts,,,Adams County,2026-05-07,County septic page covering install repair expansion and direct permit submission into the health department.,high
co_adams_02,CO,official_county,Adams County Health Department,OWTS Use Permit Application,https://adamscountyhealthdepartment.org/wp-content/uploads/sites/2/2026/01/eh-wq-septic-system-use-permit-application-2026.pdf,,,Adams County,2026-05-07,County use-permit application showing APN inspection report and pumper receipt requirements for sales and changes in use.,high
co_adams_03,CO,official_county,Adams County Health Department,OWTS Use Permit FAQs,https://adamscountyhealthdepartment.org/sites/default/files/2023-01/S-393%20OWTS-Use-Permit-FAQs-English.pdf,,,Adams County,2026-05-07,County FAQ spelling out sale remodel mobile-home and change-of-use events that trigger a use permit.,high
co_adams_04,CO,official_county,Adams County Health Department,OWTS Regulations 2026,https://adamscountyhealthdepartment.org/wp-content/uploads/sites/2/2026/01/eh-wq-septic-system-regulations-2026.pdf,,,Adams County,2026-05-07,County regulations proving the use-permit and inspection branch is not optional once a covered event occurs.,high
co_routt_01,CO,official_county,Routt County,Septic Permitting Information,https://co.routt.co.us/1058/Septic-Permitting-Information,,,Routt County,2026-05-07,County septic page covering permit classes city view portal registration fees and contractor registration rules.,high
co_routt_02,CO,official_county,Routt County,OWTS Permit Process,https://www.co.routt.co.us/DocumentCenter/View/16095,,,Routt County,2026-05-07,County OWTS process document that turns site evaluation and design into a concrete permit sequence.,high
co_routt_03,CO,official_county,Routt County,City View Portal Login Instructions,https://www.co.routt.co.us/DocumentCenter/View/15384/1-Creating-a-CityView-Portal-Login,,,Routt County,2026-05-07,County portal instructions that make the permit filing and document trail explicit rather than implied.,high
co_routt_04,CO,official_county,Routt County,Routt County OWTS Regulations,https://www.co.routt.co.us/AgendaCenter/ViewFile/Item/23820?fileID=23419,,,Routt County,2026-05-07,County OWTS regulations confirming permit classes repair categories and dwelling-expansion constraints.,high
va_chesterfield_01,VA,official_county,Chesterfield Health District,Onsite Sewage Septic and Well Water Program,https://www.vdh.virginia.gov/chesterfield/environmental-health/onsite-sewage-septic-well-water-program/,,,Chesterfield County,2026-05-07,Health-district septic page covering certification letters repair permits verification of system location and record requests.,high
va_chesterfield_02,VA,official_county,Chesterfield Health District,Freedom of Information Act FOIA,https://www.vdh.virginia.gov/chesterfield/environmental-health/freedom-of-information-act-foia/,,,Chesterfield County,2026-05-07,Health-district FOIA page explaining how septic records can be requested when the standard page is not enough.,high
va_chesterfield_03,VA,official_county,Chesterfield Health District,Environmental Health FOIA Request Form,https://www.vdh.virginia.gov/content/uploads/sites/83/2022/07/FOIA-Request-form-2022-1.pdf,,,Chesterfield County,2026-05-07,Health-district FOIA request form for septic and well records when parcel history has to be formally pulled.,high
va_chesterfield_04,VA,official_county,Chesterfield Health District,Application for Sewage Handling Permit,https://www.vdh.virginia.gov/content/uploads/sites/83/2022/07/Sewage-Handling-Permit-Applcation_Chesterfield-Copy-4.pdf,,,Chesterfield County,2026-05-07,Health-district sewage-handling permit application reinforcing local hauling and service workflow around septic maintenance.,high
va_hanover_01,VA,official_county,Chickahominy Health District,Onsite Sewage and Water Services,https://www.vdh.virginia.gov/chickahominy/onsite-sewage-water-services/,,,Hanover County,2026-05-07,Health-district onsite sewage page covering permit rules AOSS duties and Bay Act pump-out obligations affecting Hanover parcels.,high
va_hanover_02,VA,official_county,Chickahominy Health District,Request for Well Septic and Drainfield Information,https://www.vdh.virginia.gov/content/uploads/sites/84/2017/02/Request-for-Onsite-Info.pdf,,,Hanover County,2026-05-07,Health-district request form for parcel septic files with GPIN tax map subdivision and pre-1986 no-record caveat.,high
va_hanover_03,VA,official_county,Hanover County,Septic System Pump Out Requirements,https://www.hanovercounty.gov/221/Septic-System-Pump-Out-Requirements,,,Hanover County,2026-05-07,County septic page explaining Chesapeake Bay Preservation Area five-year pump-out or inspection requirements and reporting workflow.,high
va_hanover_04,VA,official_county,Hanover County,Septic Tank Pumpout Letter,https://www.hanovercounty.gov/DocumentCenter/View/177/Septic-Tank-Pumpout-Letter-PDF,,,Hanover County,2026-05-07,County pump-out notice showing the local compliance branch for inspections filters and CBPA exceptions.,high
nj_gloucester_01,NJ,official_county,Gloucester County,Septic Systems,https://www.gloucestercountynj.gov/697/Septic-Systems,,,Gloucester County,2026-05-08,County septic page covering new systems repairs alterations change of use and license-to-operate workflow.,high
nj_gloucester_02,NJ,official_county,Gloucester County,Applications and Forms,https://gloucestercountynj.gov/689/Applications-Forms,,,Gloucester County,2026-05-08,County forms hub exposing real-estate inspection flow charts repair applications soil test requests and septic portal links.,high
nj_gloucester_03,NJ,official_county,Gloucester County,OPRA Request Information,https://www.gloucestercountynj.gov/1155/OPRA-REQUEST-INFORMATION,,,Gloucester County,2026-05-08,County OPRA page telling requestors to include lot block and street address for septic-well-environmental records.,high
nj_gloucester_04,NJ,official_county,Gloucester County,Submission Requirements for Wells Septic,https://www.gloucestercountynj.gov/700/Submission-Requirements-for-Wells-Septic,,,Gloucester County,2026-05-08,County submission requirements page making septic plan-review packages and application completeness explicit.,high
nj_salem_01,NJ,official_county,Salem County,Sewage Systems,https://health.salemcountynj.gov/subsurface-sewage-disposal-systems/,,,Salem County,2026-05-08,County sewage-systems page routing records requests permits complaints and state-recognized real-estate inspections.,high
nj_salem_02,NJ,official_county,Salem County,Environmental Forms and Downloads,https://health.salemcountynj.gov/environmental-forms-downloads/,,,Salem County,2026-05-08,County forms page exposing onsite inspection forms protocol fee schedule and environmental contacts for septic workflow.,high
nj_salem_03,NJ,official_county,Salem County,Homeowners Septic Plan Review Process,https://health.salemcountynj.gov/wp-content/uploads/filebase/environmental/Subsurface%20disposal%20systems/newseptichomeownerletter5-17-2016.pdf,,,Salem County,2026-05-08,County homeowner letter explaining complete review packages approval timing and county plan-review expectations.,high
nj_salem_04,NJ,official_county,Salem County,Real Property Transfer Information,https://health.salemcountynj.gov/wp-content/uploads/filebase/environmental/Subsurface%20disposal%20systems/Infoforrealestateagentsregarding7-9Arealpropertytransfers-revised12-31-12.pdf,,,Salem County,2026-05-08,County real-estate transfer guidance showing the state-recognized inspection branch during property sales.,high
md_baltimore_01,MD,official_county,Baltimore County,Ground Water Management,https://www.baltimorecountymd.gov/departments/environment/ground-water-management,,,Baltimore County,2026-05-08,County groundwater page covering septic permits complaints records and property-transfer water-test rules.,high
md_baltimore_02,MD,official_county,Baltimore County,Request Well and Septic Records,https://www.baltimorecountymd.gov/departments/environment/ground-water-management/request-records,,,Baltimore County,2026-05-08,County records request form with address lot subdivision and tax-id inputs for private well and septic files.,high
md_baltimore_03,MD,official_county,Baltimore County,How to Be Septic Smart,https://www.baltimorecountymd.gov/departments/environmental-protection-and-sustainability/how-be-septic-smart,,,Baltimore County,2026-05-08,County homeowner page emphasizing system location reserve area and records pulls before transfer or repairs.,high
md_baltimore_04,MD,official_county,Baltimore County,OSDS Installation Permit Application,https://www.baltimorecountymd.gov/files/Documents/Environment/groundwatermanagement/osdspermitapplicationdraftfinal20230519.pdf,,,Baltimore County,2026-05-08,County installation-permit form showing tax-id system type and design-flow requirements for septic permits.,high
md_montgomery_01,MD,official_county,Montgomery County,Septic Permit Process,https://www.montgomerycountymd.gov/DPS/Process/ld/septic-permit.html,,,Montgomery County,2026-05-08,County process guide for septic permits inspections and plan review under the well-and-septic program.,high
md_montgomery_02,MD,official_county,Montgomery County,Private Well and Septic,https://www.montgomerycountymd.gov/dep/water/water-supply-wastewater/private-well-septic.html,,,Montgomery County,2026-05-08,County private-well-and-septic page linking testing permitting public-sewer expectations and grant context.,high
md_montgomery_03,MD,official_county,Montgomery County,Septic Repair Permit Process,https://www.montgomerycountymd.gov/DPS/Process/ld/septic-repair-permit.html,,,Montgomery County,2026-05-08,County repair-process guide describing septic repair evaluation and permit workflow.,high
md_montgomery_04,MD,official_county,Montgomery County,Septic System Abandonment Guideline,https://www.montgomerycountymd.gov/DPS/Resources/Files/Land_Development/Guideline_Septic%20System%20Abandonment.pdf,,,Montgomery County,2026-05-08,County abandonment guideline showing file-pull and licensed-pumper steps when sewer connection or replacement changes the system.,high
md_princegeorges_01,MD,official_county,Prince George's County,Wells and Sewage Disposal Systems,https://www.princegeorgescountymd.gov/departments-offices/health/environmental-health/wells-sewage-disposal-systems,,,Prince George's County,2026-05-08,County health page covering information requests percolation tests Bay Restoration funding and Momentum service requests.,high
md_princegeorges_02,MD,official_county,Prince George's County,On-site Sewage Disposal Systems,https://www.princegeorgescountymd.gov/departments-offices/permitting-inspections-and-enforcement/licensing/health-licenses/site-sewage-disposal-systems,,,Prince George's County,2026-05-08,County permit page exposing onsite sewage licenses site-plan requirements inspections and Momentum workflows.,high
md_princegeorges_03,MD,official_county,Prince George's County,Appeal Process for Well and Sewage Disposal Decisions,https://www.princegeorgescountymd.gov/departments-offices/appeal-process-well-and-sewage-disposal-decisions,,,Prince George's County,2026-05-08,County appeals page proving denials and sewage decisions follow a formal contested-case path.,high
md_princegeorges_04,MD,official_county,Prince George's County,Septic System Design Manual,https://www.princegeorgescountymd.gov/sites/default/files/media-document/dcv4382_septic-system-design-manual-pdf.pdf,,,Prince George's County,2026-05-08,County design manual anchoring site plans pump chambers and variance-sensitive septic design rules.,high
md_charles_01,MD,official_county,Charles County,Septic System Reimbursement Programs,https://www.charlescountymd.gov/government/planning-and-growth-management/septic-system-reimbursement-programs,,,Charles County,2026-05-08,County septic page covering pump-out reimbursement riser reimbursement and Bay Restoration grant paths.,high
md_charles_02,MD,official_county,Charles County,Planning and Growth Management,https://www.charlescountymd.gov/government/planning-and-growth-management,,,Charles County,2026-05-08,County planning page exposing permit guide permit applications mapping and septic-related county workflows.,high
md_charles_03,MD,official_county,Charles County,Permit Guide,https://www.charlescountymd.gov/government/planning-and-growth-management/online-permitting/permit-guide,,,Charles County,2026-05-08,County permit-guide entry point for parcel-specific permit steps before owners rely on a simple septic story.,high
md_charles_04,MD,official_county,Charles County,Comprehensive Water and Sewer Plan 2023,https://www.charlescountymd.gov/home/showpublisheddocument/716/638279480971900000,,,Charles County,2026-05-08,County water-and-sewer plan showing Bay Restoration priorities onsite-facility regulation and septic-upgrade planning context.,high
ut_weber_01,UT,official_county,Weber-Morgan Health Department,Water Quality Wastewater,https://www.webermorganhealth.gov/services/environmental-health/water-quality/,,,Weber County,2026-05-08,Official county-health wastewater workflow with feasibility design permit and final-certification steps.,high
ut_weber_02,UT,official_county,Weber-Morgan Health Department,Onsite Wastewater Treatment Permit Application,https://site.utah.gov/webermorgan/wp-content/uploads/sites/60/2023/06/onsite-wastewater-permit-application.pdf,,,Weber County,2026-05-08,Official county permit application for onsite wastewater treatment systems.,high
ut_weber_03,UT,official_county,Weber-Morgan Health Department,Permits and Applications,https://www.webermorganhealth.gov/about/permits-applications/,,,Weber County,2026-05-08,Official county forms page linking wastewater permit applications.,high
ut_weber_04,UT,official_county,Weber-Morgan Health Department,Health Regulations,https://www.webermorganhealth.gov/services/environmental-health/regulations/,,,Weber County,2026-05-08,Official county regulations page linking onsite wastewater rules.,high
ut_washington_01,UT,official_county,Southwest Utah Public Health Department,Septic Systems,https://swuhealth.gov/septic-systems/,,,Washington County,2026-05-08,Official county-health septic page with application checklist fee schedule and local contact routing.,high
ut_washington_02,UT,official_county,Washington County Utah,Building Permit Documents,https://www.washco.utah.gov/departments/community-development/building-permit-documents/,,,Washington County,2026-05-08,Official county building-permit checklist requiring septic permit documents for applicable projects.,high
ut_washington_03,UT,official_county,Washington County Utah,Septic Inspections Map Service,https://geoprodvm.washco.utah.gov/Geocortex/Essentials/REST/sites/SepticInspections/map/mapservices/90/layers/3,,,Washington County,2026-05-08,Official county GIS record layer with septic permit and inspection data.,high
ut_washington_04,UT,official_county,Washington County Utah,Onsite Wastewater Application and Certification,https://www.washco.utah.gov/wp-content/uploads/2022/09/wastewater-onsite-application.pdf,,,Washington County,2026-05-08,Official county wastewater application tied to septic permit approval and water verification.,high
nv_douglas_01,NV,official_county,Douglas County Nevada,Community Development,https://www.douglascountynv.gov/government/departments/community_development,,,Douglas County,2026-05-08,Official county community-development page with online permitting and permit-counter routing.,high
nv_douglas_02,NV,official_county,Douglas County Nevada,Septic Information,https://www.douglascountynv.gov/government/departments/community-development/septic_information,,,Douglas County,2026-05-08,Official county septic page with maintenance and system-survival guidance for marginal fields.,high
nv_douglas_03,NV,official_state,Nevada Division of Environmental Protection,Onsite Sewage Disposal System Program,https://ndep.nv.gov/water/water-pollution-control/permitting/onsite-sewage-disposal-system-program/,,,Douglas County,2026-05-08,Official Nevada OSDS program page with engineer and permit requirements used in county workflow.,high
nv_douglas_04,NV,official_county,Douglas County Nevada,Building Permit Submittal Requirements,https://www.douglascountynv.gov/common/pages/DownloadFileByUrl.aspx?key=tqudtrLOfUS2066ByWOV%2BpKTbQuR4VxFczl7nqeVTdZXEx23zpJwu3LzCk7sTf39pA6WeqJRKOszr%2F%2BaQtxk2%2BcRjU0p2xjVncyo2i7bWUJnzf8kPb%2FInuPV4lzNdTrHVomwr%2Bfvrur%2BZ414IhpZZ%2FRZkAFDI3saRXYbja9NaSHJk%2FU0XprOhVNQ3g5Xd3Xwgk8Zy0Ro1GiSsWqYiuetoS9rwfZukufazcqLaWz8iV4OcByL,,,Douglas County,2026-05-08,Official county submittal guide requiring septic layout replacement area and nearest-sewer details.,high
wy_laramie_01,WY,official_county,Cheyenne Laramie County Public Health,Well and Septic Inspections,https://clcpublichealth.org/environmental-health-home/well-septic-inspections/,,,Laramie County,2026-05-08,Official transfer-inspection workflow for rural properties in Laramie County.,high
wy_laramie_02,WY,official_county,Cheyenne Laramie County Public Health,Small Wastewater,https://clcpublichealth.org/environmental-health-home/small-wastewater/,,,Laramie County,2026-05-08,Official small-wastewater permit page for new systems repairs and replacements.,high
wy_laramie_03,WY,official_county,Cheyenne Laramie County Public Health,Well and Septic Inspection Request,https://clcpublichealth.org/environmental-health-home/well-septic-inspections/well-septic-inspection/,,,Laramie County,2026-05-08,Official county inspection request page for conveyance of property ownership.,high
wy_laramie_04,WY,official_county,Cheyenne Laramie County Public Health,Laramie County List of Approved Septic Tanks,https://clcpublichealth.org/wp-content/uploads/2026/01/Laramie-County-List-of-Approved-Septic-Tanks.pdf,,,Laramie County,2026-05-08,Official county approved-tank list used in permit review.,high
mo_stcharles_01,MO,official_county,St. Charles County,Onsite Wastewater Treatment Systems OWTS,https://mo-stcharlescounty.civicplus.com/2172/Onsite-Wastewater-Treatment-Systems-OWTS,,,St. Charles County,2026-05-08,Official county OWTS page with permit lookup and transfer inspection context.,high
mo_stcharles_02,MO,official_county,St. Charles County,OWTS FAQs,https://sccmo.org/m/FAQ,,,St. Charles County,2026-05-08,Official county FAQ page with sewer-distance and permit requirements for OWTS.,high
mo_stcharles_03,MO,official_county,St. Charles County,Building Division Compliance Review,https://mo-stcharlescounty.civicplus.com/Archive/ViewFile/Item/2600,,,St. Charles County,2026-05-08,Official county audit PDF confirming transfer-of-ownership inspections and repair escrow workflow.,high
mo_stcharles_04,MO,official_county,St. Charles County,Permit Lookup Tool,https://maps.sccmo.org,,,St. Charles County,2026-05-08,Official county permit-lookup map for jurisdiction and file research.,high
mo_greene_01,MO,official_county,Greene County Missouri,Environmental Division,https://greenecountymo.gov/resource_management/environmental,,,Greene County,2026-05-08,Official county environmental page with onsite wastewater standards and installer requirements.,high
mo_greene_02,MO,official_county,Greene County Missouri,Building Regulations Application,https://greenecountymo.gov/resource_management/building_regulations/application.php,,,Greene County,2026-05-08,Official county application page linking onsite wastewater permit forms.,high
mo_greene_03,MO,official_county,Greene County Missouri,Onsite Wastewater System Permit Application,https://greenecountymo.gov/files/PDF/file.pdf?id=1510,,,Greene County,2026-05-08,Official county permit application for onsite wastewater systems.,high
mo_greene_04,MO,official_county,Greene County Missouri,On Site Wastewater Systems,https://www.greenecountymo.gov/files/files.php?id=1493,,,Greene County,2026-05-08,Official county wastewater standards document covering soil factors and permit requirements.,high
ut_tooele_01,UT,official_county,Tooele County Health Department,Septic Systems Permitting Re-certifications and Care,https://tooelehealth.org/septic-tanks-wastewater/,,,Tooele County,2026-05-08,Official county septic page covering new permits re-certifications and system-location help.,high
ut_tooele_02,UT,official_county,Tooele County Health Department,Re-Certification for Well Septic,https://tooelehealth.org/wp-content/uploads/Application-for-Recertification-for-WELL-SEPTIC.pdf,,,Tooele County,2026-05-08,Official county recertification form requiring recent pumping evidence for septic transactions.,high
ut_tooele_03,UT,official_county,Tooele County Health Department,Applications and Fees for Environmental Health Services,https://tooelehealth.org/applications-fees-for-environmental-health-services/,,,Tooele County,2026-05-08,Official county applications page exposing septic permit environmental record search and subdivision feasibility tools.,high
nv_lyon_01,NV,official_county,Lyon County Nevada,Building,https://www.lyon-county.org/153/Building,,,Lyon County,2026-05-08,Official county building page with permit timelines and septic review routing.,high
nv_lyon_02,NV,official_county,Lyon County Nevada,Fees and Deposits,https://www.lyon-county.org/647/Fees-Deposits,,,Lyon County,2026-05-08,Official county fees page stating septic repair or replacement permits are fixed-fee county permits.,high
nv_lyon_03,NV,official_county,Lyon County Nevada,Records Search,https://gsaportal.lyon-county.org/,,,Lyon County,2026-05-08,Official county parcel and tax search with APN location and septic attribute filters.,high
nv_lyon_04,NV,official_county,Lyon County Nevada,Application Information,https://www.lyon-county.org/296/Application-Information,,,Lyon County,2026-05-08,Official county application page requiring state health approval where applicable before county issuance.,high
mo_jackson_01,MO,official_county,Jackson County Missouri,Construction Permits,https://www.jacksongov.org/Business/Development-and-Construction/Construction-Permits,,,Jackson County,2026-05-08,Official county permit page linking septic wastewater permits wastewater design and abandonment process.,high
mo_jackson_02,MO,official_county,Jackson County Missouri,Sewer Districts,https://www.jacksongov.org/Government/Departments/Public-Works/Sewer-Districts,,,Jackson County,2026-05-08,Official county sewer-district page linking the on-site septic permit brochure and district maps.,high
mo_jackson_03,MO,official_county,Jackson County Missouri,Septic Tank Abandonment or Removal Process,https://www.jacksongov.org/files/sharedassets/public/v/1/departments/public-works/septic-tank-abandonment-or-removal.pdf,,,Jackson County,2026-05-08,Official county abandonment process with demo permit and pumped-tank proof requirements.,high
mo_jackson_04,MO,official_county,Jackson County Missouri,Unified Development Code,https://www.jacksongov.org/files/sharedassets/public/v/1/our-county/county-code/240-udc_2026.pdf,,,Jackson County,2026-05-08,Official county code naming septic permits for construction reconstruction expansion or repair of onsite systems.,high
ut_cache_01,UT,official_county,Bear River Health Department,Septic System Permit Application Instructions,https://brhd.org/wp-content/uploads/2019/05/Septic-permit-instructions-for-the-web.pdf,,,Cache County,2026-05-08,Official health-department permit instructions for Cache County septic construction alteration repair and upgrades.,high
ut_cache_02,UT,official_county,Cache County Utah,Build a House Accessory or Agricultural Building,https://cachecounty.gov/devserv/build.html,,,Cache County,2026-05-08,Official county build checklist requiring septic system documents and parcel verification for unincorporated lots.,high
ut_cache_03,UT,official_county,Cache County Utah,Parcel Viewer and Summary Tool,https://www.cachecounty.gov/gis/property-/-parcel-viewer.html%2B,,,Cache County,2026-05-08,Official county parcel and zoning viewer for lot identity and sensitive-area screening.,high
ut_cache_04,UT,official_county,Cache County Utah,Building Checklist House,https://www.cachecounty.gov/assets/department/devserv/building/BuildingChecklist_House.pdf,,,Cache County,2026-05-08,Official county building checklist requiring septic permit or sewer-connection letter before house permit approval.,high
nv_clark_01,NV,official_county,Southern Nevada Health District,Sewage Septic Disposal Systems ISDS,https://www.southernnevadahealthdistrict.org/permits-and-regulations/sewage-septic-disposal-systems-isds/,,,Clark County,2026-05-08,Official Clark County septic program page stating the district maintains existing septic records and regulates residential systems.,high
nv_clark_02,NV,official_county,Southern Nevada Health District,Residential Septic System Permit Requirements,https://www.southernnevadahealthdistrict.org/permits-and-regulations/sewage-septic-disposal-systems-isds/residential-isds-permits/residential-septic-tank-permit-requirements/,,,Clark County,2026-05-08,Official county-area permit page requiring sewer-unavailability letters and approved water-source proof for residential septic permits.,high
nv_clark_03,NV,official_county,Southern Nevada Health District,Certification Procedures for ISDS and Water Well,https://www.southernnevadahealthdistrict.org/permits-and-regulations/sewage-septic-disposal-systems-isds/residential-isds-permits/certification-procedures-for-individual-sewage-disposal-system-isds-and-or-water-well/,,,Clark County,2026-05-08,Official county-area certification page describing lender and transaction inspections for septic systems.,high
nv_clark_04,NV,official_county,Southern Nevada Health District,Septic System Abandonment,https://www.southernnevadahealthdistrict.org/permits-and-regulations/sewage-septic-disposal-systems-isds/residential-abandonment-of-septic-tank-leach-field/,,,Clark County,2026-05-08,Official county-area abandonment page explaining replacement or sewer-connection closeout steps.,high
wy_park_01,WY,official_county,Park County Wyoming,Small Wastewater Systems,https://parkcounty-wy.gov/planning-and-zoning/small-wastewater-systems/,,,Park County,2026-05-08,Official county small-wastewater page with delegated permit authority and installation process.,high
wy_park_02,WY,official_county,Park County Wyoming,Small Wastewater System Permit Application,https://parkcounty-wy.gov/wp-content/uploads/Documents/Planning%20and%20Zoning/Documents/Applications_Forms/APPLICATION_SWW_20250702_FILLABLE.pdf,,,Park County,2026-05-08,Official county septic permit application package for new replacement or repair systems.,high
wy_park_03,WY,official_county,Park County Wyoming,Small Wastewater System Regulations,https://parkcounty-wy.gov/wp-content/uploads/Documents/Planning%20and%20Zoning/Documents/Regs_Policies/20210101_Park%20County%20Small%20Wastewater%20System%20Regulations.pdf,,,Park County,2026-05-08,Official county regulations covering permits design approval and backfill inspection.,high
wy_park_04,WY,official_county,Park County Wyoming,Fee Schedule for County Services,https://parkcounty-wy.gov/wp-content/uploads/Documents/Public%20Works/Documents/Resolution%202022-108%20-%20Fee%20Schedule%20for%20County%20Services-Updated%2012.22.22.pdf,,,Park County,2026-05-08,Official county fee schedule listing small wastewater permit and research costs.,high
mo_clay_01,MO,official_county,Clay County Public Health Center,Onsite Sewage,https://clayhealth.com/154/Onsite-Sewage,,,Clay County,2026-05-08,Official county onsite-sewage page with construction and repair permits complaint investigations and existing-system information.,high
mo_clay_02,MO,official_county,Clay County Public Health Center,Apply For,https://www.clayhealth.com/143/Apply-For,,,Clay County,2026-05-08,Official county apply-for page linking septic permit requirements.,high
mo_clay_03,MO,official_county,Clay County Public Health Center,Septic Application 2020,https://www.clayhealth.com/DocumentCenter/View/1116/Septic-Application-2020,,,Clay County,2026-05-08,Official county septic construction application stating work cannot begin until a county permit is issued.,high
mo_clay_04,MO,official_county,Clay County Public Health Center,Individual Sewage Disposal Rules and Regulations,https://www.clayhealth.com/DocumentCenter/View/565/Onsite-Sewage-Rules-Effective-1-1-2018-?bidId=,,,Clay County,2026-05-08,Official county rules for onsite sewage site approvals plan review and permit administration.,high
ut_rich_01,UT,official_county,Rich County Utah,Building Department,https://www.richcounty.gov/building-department/,,,Rich County,2026-05-08,Official county building department page linking permit instructions and online permit intake.,high
ut_rich_02,UT,official_county,Rich County Utah,Building Permit Instructions,https://www.richcounty.gov/wp-content/uploads/2024-Rich-County-Building-Permit-Information.pdf,,,Rich County,2026-05-08,Official county permit packet requiring survey narrative zoning clearance and a Bear River Health septic permit or sewer hookup receipt.,high
ut_rich_03,UT,official_county,Rich County Utah,Building Permits and Certificates of Occupancy Ordinance,https://www.richcounty.gov/wp-content/uploads/building-permits-certificate-of-occupancy.pdf,,,Rich County,2026-05-08,Official county ordinance stating building permits must comply with zoning ordinances and state law before issuance.,high
ut_rich_04,UT,official_county,Rich County Utah,Code of the West,https://www.richcounty.gov/code-of-the-west/,,,Rich County,2026-05-08,Official county buyer guidance telling owners to check with Bear River Health Department for septic suitability before purchase.,high
nv_churchill_01,NV,official_county,Churchill County Nevada,Septic Application and Information,https://www.churchillcounty.org/106/Septic-Application-Information,,,Churchill County,2026-05-08,Official county septic page with records-location help plan-check fees and permit links.,high
nv_churchill_02,NV,official_county,Churchill County Nevada,Septic Installation Information,https://www.churchillcounty.org/DocumentCenter/View/1700,,,Churchill County,2026-05-08,Official county septic installation packet requiring soil profile two percolation tests a scaled plot plan and permit fee.,high
nv_churchill_03,NV,official_county,Churchill County Nevada,Percolation Tests,https://www.churchillcounty.org/DocumentCenter/View/221,,,Churchill County,2026-05-08,Official county percolation-test guidance used before septic permit review.,high
nv_churchill_04,NV,official_county,Churchill County Nevada,Apply for a Septic Permit,https://main.govpilot.com/web/public/fcb8163a-487_Septic-Permits-Application-churchillcountynv?uid=14953&ust=NV&pu=1&id=0,,,Churchill County,2026-05-08,Official county online septic permit application portal for construction or repair review.,high
wy_natrona_01,WY,official_county,Casper-Natrona County Health Department,Licensing,https://casperpublichealth.org/licensing/,,,Natrona County,2026-05-08,Official county health page describing delegated oversight of small wastewater systems current septic permits and archive gaps.,high
wy_natrona_02,WY,official_county,Casper-Natrona County Health Department,Septic System Application,https://casperpublichealth.org/wp-content/uploads/2026/01/Conventional-Septic-System-Application-Pkg_2025-0724-1.pdf,,,Natrona County,2026-05-08,Official county septic application packet for installation repair and use of onsite wastewater systems.,high
wy_natrona_03,WY,official_county,Casper-Natrona County Health Department,Wastewater Regulations,https://casperpublichealth.org/wp-content/uploads/2024/09/natrona-county-wastewater-regulations-v-2017.pdf,,,Natrona County,2026-05-08,Official county wastewater regulations covering permit transfer remodeling approval and connection to public sewer.,high
wy_natrona_04,WY,official_county,Casper-Natrona County Health Department,CNCHD Sewer Map,https://data-cityofcasper.opendata.arcgis.com/apps/58bcbeb6e75c4fa2b1eb8cdd29a8dc9c/explore,,,Natrona County,2026-05-08,Official county sewer septic map used to check current mapped permits while archived permits may still require direct contact.,high
mo_franklin_01,MO,official_county,Franklin County Missouri,Building Department,https://www.franklinmo.org/building-dept,,,Franklin County,2026-05-08,Official county building department page stating the updated on-site sewage ordinance governs permits in unincorporated Franklin County.,high
mo_franklin_02,MO,official_county,Franklin County Missouri,Permits,https://www.franklinmo.org/permits,,,Franklin County,2026-05-08,Official county permits page routing owners into sewer-system permits through the building department.,high
mo_franklin_03,MO,official_county,Franklin County Missouri,Land Use Regulations,https://www.franklinmo.org/landuse,,,Franklin County,2026-05-08,Official county master-plan page showing the scale of public sewer districts and an estimated 14500 to 15000 private onsite septic systems.,high
mo_franklin_04,MO,official_county,Franklin County Missouri,Health Department,https://www.franklinmo.org/blank-25,,,Franklin County,2026-05-08,Official county health page stating environmental complaints for onsite sewage disposal are handled by the county.,high
ut_boxelder_01,UT,official_county,Box Elder County Utah,Building Permits Inspection,https://www.boxeldercountyut.gov/195/Building-Permits-Inspection,,,Box Elder County,2026-05-08,Official county building permits page linking required documents for new homes and permit intake.,high
ut_boxelder_02,UT,official_county,Box Elder County Utah,Required Documents for New Homes,https://www.boxeldercountyut.gov/DocumentCenter/View/177/Required-Documents-for-New-Homes-PDF,,,Box Elder County,2026-05-08,Official county new-home permit packet requiring septic and utility documents before county issuance.,high
ut_boxelder_03,UT,official_county,Box Elder County Utah,Utility and Post Office Contact Information,https://www.boxeldercountyut.gov/409/Utility-Post-Office-Contact-Information,,,Box Elder County,2026-05-08,Official county utility contacts page listing Bear River Health Department as the septic contact.,high
ut_boxelder_04,UT,official_county,Box Elder County Utah,Chapter 6-1 Subdivisions PDF,https://www.boxeldercountyut.gov/DocumentCenter/View/429/Chapter-6-1-Subdivisions-PDF,,,Box Elder County,2026-05-08,Official county development code requiring a septic feasibility letter and barring building permits without a septic permit from Bear River Health.,high
nv_storey_01,NV,official_county,Storey County Nevada,Residential Construction Packet Policy 006,https://storeycounty.org/DocumentCenter/View/21836/Residential-Construction-Packet-Policy-006,,,Storey County,2026-05-08,Official county residential packet describing well and septic requirements plot walk approval and state septic approval before county permit issuance.,high
nv_storey_02,NV,official_county,Storey County Nevada,Residential Permit Application,https://www.storeycounty.org/DocumentCenter/View/20599/Residential-Permit-Application,,,Storey County,2026-05-08,Official county residential permit form listing septic plot walk and well or will-serve approvals on the permit checklist.,high
nv_storey_03,NV,official_county,Storey County Nevada,Self Service Document Search,https://storeycountynv-kiosk.tylerhost.net/clerkkiosk/search/DOCSEARCH159S1,,,Storey County,2026-05-08,Official county clerk document search for parcel and recorded file research.,high
nv_storey_04,NV,official_county,Storey County Nevada,Code of Ordinances,https://storeycounty-nv.elaws.us/code/coor,,,Storey County,2026-05-08,Official county code referenced by the residential packet for septic and well permits before development.,high
wy_sheridan_01,WY,official_county,Sheridan County Wyoming,Septic Permit Application,https://cms2.revize.com/revize/sheridan/Document%20Center/Departments/Public%20Works%27/Building%20In%20the%20County/Septic_Permit_Application-1.pdf,,,Sheridan County,2026-05-08,Official county small wastewater permit application for conventional systems under 2000 gallons per day.,high
wy_sheridan_02,WY,official_county,Sheridan County Wyoming,Small Wastewater Rules and Regulations,https://cms2.revize.com/revize/sheridan/Document%20Center/Departments/Public%20Works%27/Building%20In%20the%20County/septic_regs.pdf,,,Sheridan County,2026-05-08,Official county wastewater rules requiring a county permit to construct install or modify small wastewater systems.,high
wy_sheridan_03,WY,official_county,Sheridan County Wyoming,Comprehensive Plan Appendices,https://www.sheridancountywy.gov/Document%20Center/Departments/Planning/2008%20Comprehensive%20Plan/sheridan_cty_appendices_nomaps_jan09.pdf,,,Sheridan County,2026-05-08,Official county planning appendices discussing enhanced septic expectations and DEQ review in sensitive drainage areas.,high
wy_sheridan_04,WY,official_county,Sheridan County Wyoming,Small Wastewater Program Record,https://www.sheridancountywy.gov/,,,Sheridan County,2026-05-08,Official county site for Sheridan County Public Works and county development resources.,high
mo_cole_01,MO,official_county,Cole County Missouri,Onsite Wastewater Permit Sewage,https://colecounty.org/886/Onsite-Wastewater-Permit-Sewage,,,Cole County,2026-05-08,Official county onsite wastewater page with ordinance links permit application routing and registered installer requirements.,high
mo_cole_02,MO,official_county,Cole County Missouri,Permits,https://www.colecounty.org/882/Permits,,,Cole County,2026-05-08,Official county permits page routing users into the health department onsite wastewater permit path.,high
mo_cole_03,MO,official_county,Cole County Missouri,Onsite Wastewater Permit Application,https://www.colecounty.org/DocumentCenter/View/8215/updated-Sept-7-2022-OWTS-Permit-Application-2022---Fillable?bidId=,,,Cole County,2026-05-08,Official county onsite wastewater application showing soil report installer and permit fee requirements.,high
mo_cole_04,MO,official_county,Cole County Missouri,Onsite Waste Water Permit FAQ,https://www.colecounty.org/faq,,,Cole County,2026-05-08,Official county FAQ explaining permit cost six-month validity registered installers and soil morphology rules.,high
ut_iron_01,UT,official_county,Iron County Utah,Building Permit Requirements,https://ironcounty.net/files/building/resources/building-permit-requirements.pdf,,,Iron County,2026-05-08,Official county permit requirements page requiring a septic permit or paid sewer hookup receipt with the building application.,high
ut_iron_02,UT,official_county,Iron County Utah,Building Packet,https://ironcounty.net/files/building/forms/building-packet.pdf,,,Iron County,2026-05-08,Official county building packet requiring septic permit or sewer hookup proof at submittal and approved septic permit at inspection.,high
ut_iron_03,UT,official_county,Iron County Utah,EagleWeb Property and Document Search,https://eagleweb.ironcounty.net/eaglesoftware/web/about.jsp,,,Iron County,2026-05-08,Official county recorder and assessor search explaining how to research recorded documents and parcel records.,high
ut_iron_04,UT,official_state,State of Utah Public Notice Website,Iron County Ordinance 2019-7,https://www.utah.gov/pmn/files/762039.pdf,,,Iron County,2026-05-08,Official public notice PDF confirming septic permits from Southwest Utah Public Health are required before county permit issuance.,high
nv_carson_01,NV,official_county,Carson City Nevada,Septic and Well Program,https://www.gethealthycarsoncity.org/divisions/environmental-health/programs-inspections/septic-well,,,Carson City,2026-05-08,Official Carson City health page describing test trench perc permit repair and abandonment workflow for residential septic systems.,high
nv_carson_02,NV,official_county,Carson City Nevada,Development Engineering Division,https://www.carsoncity.gov/engineering,,,Carson City,2026-05-08,Official city engineering page describing records sewer maps and the mandatory sewer connection program for septic areas.,high
nv_carson_03,NV,official_county,Carson City Nevada,Water Sewer Connection Application,https://www.carsoncity.gov/home/showpublisheddocument/89890/638592438248300000,,,Carson City,2026-05-08,Official city water and sewer application showing parcel level sewer versus septic service status and utility connection routing.,high
nv_carson_04,NV,official_county,Carson City Nevada,Southeast Sewer Extension Project,https://www.carsoncity.gov/government/departments-g-z/public-works/sewer-extension-project,,,Carson City,2026-05-08,Official city sewer extension project page documenting mandatory sewer conversion where septic systems are being phased out.,high
wy_albany_01,WY,official_county,Albany County Wyoming,Water and Wastewater,https://www.albanycountywy.gov/268/Water-Wastewater,,,Albany County,2026-05-08,Official county wastewater page explaining permit authority licensed installer rules and APOZ engineering triggers.,high
wy_albany_02,WY,official_county,Albany County Wyoming,Small Wastewater Treatment Facility Application,https://www.albanycountywy.gov/DocumentCenter/View/4484/Small-Wastewater-Treatment-Facility-Application,,,Albany County,2026-05-08,Official county wastewater application stating authorization to construct is issued before work begins and permit renewals are time bound.,high
wy_albany_03,WY,official_county,Albany County Wyoming,Applications and Forms,https://www.albanycountywy.gov/257/Applications-Forms,,,Albany County,2026-05-08,Official county applications page linking wastewater permits inspection forms variance requests and installer renewals.,high
wy_albany_04,WY,official_county,Albany County Wyoming,Wastewater Regulations FAQ and Zoning Guidance,https://www.albanycountywy.gov/FAQ.aspx?QID=103,,,Albany County,2026-05-08,Official county FAQ recommending wastewater permits and zoning certificates be pursued together for small lots and septic field placement.,high
mo_christian_01,MO,official_county,Christian County Missouri,Building Regulations,https://www.christiancountymo.gov/building-regulations/,,,Christian County,2026-05-08,Official county building regulations page stating wastewater system work routes through the health department and permits expire without progress or inspections.,high
mo_christian_02,MO,official_county,Christian County Missouri,Environmental Office,https://www.christiancountymo.gov/offices/environmental/,,,Christian County,2026-05-08,Official county environmental page requiring health department wastewater approval before building permits and noting older systems may need state qualified inspection.,high
mo_christian_03,MO,official_county,Christian County Missouri,Health Department Services,https://www.christiancountymohealth.gov/ourservices,,,Christian County,2026-05-08,Official county health department services page stating environmental staff regulate wastewater and certify installers.,high
mo_christian_04,MO,official_county,Christian County Missouri,Health Department Sunshine Law,https://www.christiancountymohealth.gov/sunshine-law,,,Christian County,2026-05-08,Official county health department records page naming the custodian of records and research fees for file requests.,high
ut_sanpete_01,UT,official_county,Sanpete County Utah,Building Department,https://www.sanpetecountyutah.gov/building-dept.html,,,Sanpete County,2026-05-08,Official county building department page stating septic tank permits are issued through Central Utah Public Health and recorder documents can be pulled locally.,high
ut_sanpete_02,UT,official_county,Sanpete County Utah,Recorder Surveyor,https://www.sanpetecountyutah.gov/recorder,,,Sanpete County,2026-05-08,Official county recorder page describing recorded land documents plats and parcel based fraud notification tools.,high
ut_sanpete_03,UT,official_county,Central Utah Public Health,Onsite Wastewater Permit Application Packet,https://centralutahhealth.gov/wp-content/uploads/2025/04/Onsite-Wastewater-Permit-Application-Packet-3.pdf,,,Sanpete County,2026-05-08,Official district onsite wastewater packet listing certified professionals and permit application materials for Sanpete County.,high
ut_sanpete_04,UT,official_county,Sanpete County Utah,Land Use Ordinance,https://www.sanpetecountyutah.gov/uploads/1/3/6/2/136253634/revised_sanpete_county_-_title_14_-_land_use_ordinance_adopted_06.06.23_revised_7.18.2023.pdf,,,Sanpete County,2026-05-08,Official county land use ordinance stating a permitted septic system meeting state code must be in place and tying land use approval to wastewater reality.,high
nv_elko_01,NV,official_county,Elko County Nevada,Homeowner Permitting Guide,https://cms2.revize.com/revize/elkocounty/departments/building_inspection/2025/Community%20development/Homeowner%20Permitting%20Guide.pdf,,,Elko County,2026-05-08,Official county permitting guide requiring Nevada State Health septic construction permits with dwelling submittals and parcel information for applications.,high
nv_elko_02,NV,official_county,Elko County Nevada,Parcel Viewer,https://gis.elkocountynv.net/,,,Elko County,2026-05-08,Official county GIS viewer exposing parcel search nearby parcels and property details needed before permit intake.,high
nv_elko_03,NV,official_county,Elko County Nevada,Landmark Recorder Search,https://records.elkocountynv.net/Landmark/Home/Index,,,Elko County,2026-05-08,Official county recorder search for recorded documents parcel id lookup and legal description research.,high
nv_elko_04,NV,official_county,Elko County Nevada,Recording Activity Notification,https://records.elkocountynv.net/Landmark/FraudAlert,,,Elko County,2026-05-08,Official county recorder alert system showing parcel based recording monitoring and land records workflow.,high
wy_campbell_01,WY,official_county,Campbell County Wyoming,Small Wastewater Septic Systems,https://www.campbellcountywy.gov/2327/Small-Wastewater-Septic-Systems,,,Campbell County,2026-05-08,Official county septic page stating delegated authority from DEQ and requiring permits and inspections for all small wastewater systems.,high
wy_campbell_02,WY,official_county,Campbell County Wyoming,Property Search Help,https://www.campbellcountywy.gov/138/Property-Search-Help,,,Campbell County,2026-05-08,Official county property search help for parcel and owner based lookup before septic file review.,high
wy_campbell_03,WY,official_county,Campbell County Wyoming,Recording,https://www.campbellcountywy.gov/818/Recording,,,Campbell County,2026-05-08,Official county recording page for real property records plats subdivision permits and land record copies.,high
wy_campbell_04,WY,official_county,Campbell County Wyoming,Public Records Request Policy,https://www.campbellcountywy.gov/DocumentCenter/View/22409/1004-Public-Records-Reqeust-091923,,,Campbell County,2026-05-08,Official county public records request policy explaining department custody research and redaction cost for county records.,high
mo_taney_01,MO,official_county,Taney County Missouri,Environmental Services Onsite Permitting Program,https://www.taneycounty.org/index.php?department=28&page=10583&section=departments,,,Taney County,2026-05-08,Official county onsite permitting page naming the permit authority acreage triggers and lake or public utility exceptions for onsite wastewater permits.,high
mo_taney_02,MO,official_county,Taney County Missouri,Environmental Services Forms and Literature,https://www.taneycounty.org/index.php?department=28&page=10568&section=departments,,,Taney County,2026-05-08,Official county environmental services page linking OWTS permit packet informational literature installers and soil evaluator lists.,high
mo_taney_03,MO,official_county,Taney County Missouri,Subdivision Regulations,https://media.taneycounty.org/pdf.php?4833=,,,Taney County,2026-05-08,Official county subdivision regulations stating building permits will not issue for noncompliant subdivision parcels and tying land development to county approval.,high
mo_taney_04,MO,official_county,Taney County Missouri,Planning and Zoning,https://www.taneycounty.org/index.php?department=15&page=10654&section=departments,,,Taney County,2026-05-08,Official county planning page routing residential building permits and land disturbance reviews after onsite wastewater reality is settled.,high
ut_sanjuan_01,UT,official_county,San Juan County Utah,Building Permits and Business Licenses,https://sanjuancountyut.gov/building,,,San Juan County,2026-05-08,Official county building page routing permit applications inspections and county permit contact information.,high
ut_sanjuan_02,UT,official_county,San Juan County Utah,County Recorder Services,https://sanjuancountyut.gov/recorder,,,San Juan County,2026-05-08,Official county recorder page exposing public property records search and property records request workflow.,high
ut_sanjuan_03,UT,official_county,San Juan County Utah,Subdivision Ordinance PDF,https://sanjuancountyut.gov/sites/default/files/fileattachments/planning/page/3371/subdivision_ordinance.pdf,,,San Juan County,2026-05-08,Official county subdivision ordinance requiring private septic systems to be more than 1320 feet from approved sewer and to conform with county health rules.,high
ut_sanjuan_04,UT,official_county,San Juan County Utah,GIS Geographic Information Systems,https://sanjuancountyut.gov/surveyor/page/gis-geographic-information-systems,,,San Juan County,2026-05-08,Official county GIS page directing owners to search by address or parcel ID before permit and property record review.,high
nv_humboldt_01,NV,official_county,Humboldt County Nevada,Residential Septic System Application,https://www.humboldtcountynv.gov/DocumentCenter/View/3404/Sewage-Disposal-System-Application-2019,,,Humboldt County,2026-05-08,Official county residential septic application requiring well completion before permit issuance and reserve absorption area details.,high
nv_humboldt_02,NV,official_county,Humboldt County Nevada,Recorder's Office,https://www.humboldtcountynv.gov/197/Recorders-Office,,,Humboldt County,2026-05-08,Official county recorder page describing public index and image access for real estate and parcel record research.,high
nv_humboldt_03,NV,official_county,Humboldt County Nevada,Assessor,https://www.humboldtcountynv.gov/149/Assessor,,,Humboldt County,2026-05-08,Official county assessor page describing real property parcel maintenance and deed and title specialist contact paths.,high
nv_humboldt_04,NV,official_county,Humboldt County Nevada,Occupancy Permit,https://www.humboldtcountynv.gov/DocumentCenter/View/4786/Hu-Co-Rd-Dept-Occupancy-Permit-BLANK,,,Humboldt County,2026-05-08,Official county occupancy permit form tying county road and access approval to project readiness alongside septic review.,high
wy_converse_01,WY,official_county,Converse County Wyoming,Permits and Regulations,https://conversecountywy.gov/259/Permits-Regulations,,,Converse County,2026-05-08,Official county permits page linking septic system requirements wastewater standards and records request forms.,high
wy_converse_02,WY,official_county,Converse County Wyoming,Minimum Standards Governing Individual Small Wastewater Systems,https://www.conversecountywy.gov/DocumentCenter/View/470/Minimum-Standards-Governing-Individual-Small-Wastewater-Systems-PDF,,,Converse County,2026-05-08,Official county wastewater standards describing permit denial suspension hearing rights and backfill inspection timing.,high
wy_converse_03,WY,official_county,Converse County Wyoming,Public Records Request,https://www.conversecountywy.gov/519/Public-Records-Request,,,Converse County,2026-05-08,Official county public records request page naming the designated records official and request workflow.,high
wy_converse_04,WY,official_county,Converse County Wyoming,Recorded Documents,https://www.conversecountywy.gov/192/Recorded-Documents,,,Converse County,2026-05-08,Official county recorded documents page for deeds conveyances and other public land records needed during septic due diligence.,high
mo_butler_01,MO,official_county,Butler County Missouri,On-site Sewer Program,https://www.butlercountyhealth.org/on-site-sewer-program.php,,,Butler County,2026-05-08,Official county health page explaining soil morphology packet review construction permit issuance and final inspection for onsite systems.,high
mo_butler_02,MO,official_county,Butler County Missouri,On-Site Sewer FAQs,https://www.butlercountyhealth.org/on-site-sewer-faqs.php,,,Butler County,2026-05-08,Official county FAQ page detailing less-than-three-acre triggers permit timing and when permits can be denied.,high
mo_butler_03,MO,official_county,Butler County Missouri,Septic Maintenance,https://www.butlercountyhealth.org/septic-system-maintenance.php,,,Butler County,2026-05-08,Official county septic maintenance page tying grant-loan improvement context back to local onsite systems.,high
mo_butler_04,MO,official_state,Missouri Department of Health and Senior Services,Onsite Wastewater Authority Map,https://health.mo.gov/living/environment/onsite/pdf/onsiteauthoritymap.pdf,,,Butler County,2026-05-08,Official state authority map confirming local onsite wastewater permitting authority context for Butler County.,high
ut_wasatch_01,UT,official_county,Wasatch County Utah,Current Year Property Tax Lookup,https://wasatch.utah.gov/Services/Information-Lookup-Services/Property-Tax-Information-Lookup/Current-Year-Property-Tax-Lookup,,,Wasatch County,2026-05-08,Official county tax lookup page telling owners to use the county base map service to find parcels and splits before file review.,high
ut_wasatch_02,UT,official_county,Wasatch County Utah,Addressing Parcel Map Service,https://maps.wasatch.utah.gov/arcgis/rest/services/MapLayers/Addressing_Parcel/MapServer,,,Wasatch County,2026-05-08,Official county parcel map service used to confirm address and parcel identity before recorder and permit review.,high
ut_wasatch_03,UT,official_county,Wasatch County Utah,General Plan Agenda Packet,https://docs.wasatch.utah.gov/OnBaseAgendaOnline/Documents/DownloadFileBytes/Wasatch_County_Council_Regular_Meeting_2403_Agenda_Packet_9_17_2025_4_00_00_PM.pdf?documentType=5&isAttachment=true&meetingId=2403,,,Wasatch County,2026-05-08,Official county plan document stating septic drainfields are prohibited where groundwater rises within four feet and requiring sewer connection near existing systems.,high
ut_wasatch_04,UT,official_county,Wasatch County Utah,UPP Portal,https://upp.wasatch.utah.gov/,,,Wasatch County,2026-05-08,Official county portal for property and permit workflows that supports parcel level due diligence before trusting a wastewater story.,high
nv_lincoln_01,NV,official_county,Lincoln County Nevada,Building Department,https://lincolncountynv.org/departments/building-department/,,,Lincoln County,2026-05-08,Official county building page explaining permit requirements and building code enforcement for unincorporated Lincoln County.,high
nv_lincoln_02,NV,official_county,Lincoln County Nevada,Owner Builder Checklist,https://lincolncountynv.org/wp-content/uploads/bsk-pdf-manager/2018/07/LC_Owner-Builder_checklist.pdf,,,Lincoln County,2026-05-08,Official county checklist requiring Assessor Parcel Number plot plan review and Drawing of Septic System if applicable before permit issuance.,high
nv_lincoln_03,NV,official_county,Lincoln County Nevada,Recorder Auditor Office,https://lincolncountynv.org/departments/recorders-office/,,,Lincoln County,2026-05-08,Official county recorder page for document inquiries forms taxes and recorded property research.,high
nv_lincoln_04,NV,official_county,Lincoln County Nevada,Lincoln County Parcel Maps,https://lincolncountynv.org/departments/assessors-office/lincoln-county-parcel-maps/,,,Lincoln County,2026-05-08,Official county assessor parcel map page used to confirm APN and map book before permit and recorder file pulls.,high
md_talbot_01,MD,official_county,Talbot County Maryland,Bay Restoration Fund,https://talbotcountymd.gov/departments/publicworks/resources-4/bay-restoration-septic-fund,,,Talbot County,2026-05-08,Official county BRF page prioritizing failing systems and parcels with no County permit record or non conventional systems.,high
md_talbot_02,MD,official_county,Talbot County Maryland,Application for Sanitary Construction Permit,https://talbotcountymd.gov/uploads/File/publicworks/Bay%20Restoration%20Fund/Application%20for%20Sanitary%20Construction%20Permit.pdf,,,Talbot County,2026-05-08,Official county health department sanitary construction permit form stating the application expires one year from approval and covers repair replacement or abandonment branches.,high
md_talbot_03,MD,official_county,Talbot County Maryland,Permits and Inspections,https://talbotcountymd.gov/permits,,,Talbot County,2026-05-08,Official county permits portal with public record lookup and Environmental Health contact routing for septic and well information.,high
md_talbot_04,MD,official_county,Talbot County Maryland,Public Information Act Requests,https://temp.talbotcountymd.gov/pia,,,Talbot County,2026-05-08,Official county public information request path for records not surfaced through the permit portal.,high
nj_camden_01,NJ,official_county,Camden County New Jersey,Septic and Wells Unit,https://www.camdencounty.com/service/health-human-services/septic-and-wells-unit/,,,Camden County,2026-05-08,Official county septic and wells landing page for environmental health routing and contact information.,high
nj_camden_02,NJ,official_county,Camden County New Jersey,Septic and Wells Unit 2,https://www.camdencounty.com/service/health-human-services/septic-and-wells-unit-2/,,,Camden County,2026-05-08,Official county page stating all individual sewage disposal system plan review installation repair and compliance certificates are handled through the county unit.,high
nj_camden_03,NJ,official_county,Camden County New Jersey,Septic Application,https://www.camdencounty.com/service/health-human-services/septic-and-wells-unit-2/septic_application/,,,Camden County,2026-05-08,Official county septic application page used during plan review and permit intake.,high
nj_camden_04,NJ,official_county,Camden County New Jersey,Tank Inspection Requests,https://www.camdencounty.com/service/health-human-services/tank-inspection-requests/,,,Camden County,2026-05-08,Official county portal for residents to request tank inspections during due diligence and compliance work.,high
nc_newhanover_01,NC,official_county,New Hanover County North Carolina,On-Site Well Water Protection,https://www.nhcgov.com/1317/On-Site-Well-Water-Protection,,,New Hanover County,2026-05-08,Official county page describing site evaluation septic inspections and complaint investigations for onsite wastewater systems.,high
nc_newhanover_02,NC,official_county,New Hanover County North Carolina,Environmental Health Fee Schedule,https://www.nhcgov.com/2957/Fee-Schedule,,,New Hanover County,2026-05-08,Official county fee schedule listing septic improvement permit construction authorization repair permit and existing system inspection fees.,high
nc_newhanover_03,NC,official_county,New Hanover County North Carolina,Permit Forms and Information,https://www.nhcgov.com/2942/Permit-Forms-Information,,,New Hanover County,2026-05-08,Official county permit forms page linking environmental health septic and well application packets.,high
nc_newhanover_04,NC,official_county,New Hanover County North Carolina,Septic Well Permit Checklist,https://www.nhcgov.com/DocumentCenter/View/3306/Septic-Well-Permit-Checklist,,,New Hanover County,2026-05-08,Official county checklist for septic system improvement permit and construction authorization workflow.,high
nc_harnett_01,NC,official_county,Harnett County North Carolina,Environmental Health Applications,https://www.harnett.org/permits/environmental-health-applications-.asp,,,Harnett County,2026-05-08,Official county permitting page linking Existing Septic Tank Instructions septic affidavit and central permitting workflow.,high
nc_harnett_02,NC,official_county,Harnett County North Carolina,Environmental Health,https://www.harnett.org/health/environmental-health.asp,,,Harnett County,2026-05-08,Official county health page naming the On Site Wastewater Section and program contacts.,high
nc_harnett_03,NC,official_county,Harnett County North Carolina,Residential Land Use Application,https://www.harnett.org/permits/downloads/residential-land-use-application.pdf,,,Harnett County,2026-05-08,Official county application routing owners to the Environmental Health Department for Improvement Permit and or Authorization to Construct for new septic systems.,high
nc_harnett_04,NC,official_county,Harnett County North Carolina,Existing Septic Tank in a Mobile Home Park,https://www.harnett.org/permits/downloads/ehealth-for-mhp.pdf,,,Harnett County,2026-05-08,Official county existing system application showing authorization of existing septic system review and parcel based intake fields.,high
ut_summit_01,UT,official_county,Summit County Utah,Recorder Surveyor,https://www.summitcountyutah.gov/243/Recorder-Surveyor,,,Summit County,2026-05-08,Official county recorder page describing land records plats surveys and public document access for parcel research.,high
ut_summit_02,UT,official_county,Summit County Utah,Building Department,https://www.summitcountyutah.gov/308/Building-Department,,,Summit County,2026-05-08,Official county building page stating permits are required for construction and related work in unincorporated Summit County.,high
ut_summit_03,UT,official_county,Summit County Utah,Summit County GIS,https://www.summitcountyutah.gov/234/Summit-County-GIS,,,Summit County,2026-05-08,Official county GIS page providing parcel reference maps and geographic data for property level verification.,high
ut_summit_04,UT,official_county,Summit County Utah,County Code Chapter 6 General Regulations,https://www.summitcountyutah.gov/DocumentCenter/View/25162,,,Summit County,2026-05-08,Official county code excerpt stating building permits require all water sewer septic and access requirements to be met.,high
wy_goshen_01,WY,official_county,Goshen County Wyoming,Online Records,https://goshencountywy.gov/206/Online-Records,,,Goshen County,2026-05-08,Official county clerk records page explaining post-2015 online research historical archive subscriptions and legal description limits for newer entries.,high
wy_goshen_02,WY,official_county,Goshen County Wyoming,Online Services,https://www.goshencountywy.gov/324/Online-Services,,,Goshen County,2026-05-08,Official county online services page linking county clerk online records assessor property search and parcel viewer tools.,high
wy_goshen_03,WY,official_county,Goshen County Wyoming,Assessor,https://www.goshencountywy.gov/158/Assessor,,,Goshen County,2026-05-08,Official county assessor page describing statutory parcel listing identification and valuation duties for approximately 10000 parcels.,high
wy_goshen_04,WY,official_county,Goshen County Wyoming,Maps,https://goshencountywy.gov/162/Maps,,,Goshen County,2026-05-08,Official county assessor maps page exposing parcel maps and tax district maps used during file verification.,high
md_queenannes_01,MD,official_county,Queen Anne's County Maryland,Application for Sanitary Construction Permit,https://www.qac.org/DocumentCenter/View/20017/Septic-Permit,,,Queen Anne's County,2026-05-08,Official county health permit form for interim individual systems stating the permit expires 2 years after the date of issue.,high
md_queenannes_02,MD,official_county,Queen Anne's County Maryland,Permitting Zoning,https://www.qac.org/294/PermittingZoning,,,Queen Anne's County,2026-05-08,Official county permitting page linking permit reports forms and licensing information for septic installers.,high
md_queenannes_03,MD,official_county,Queen Anne's County Maryland,Planning and Zoning Citizen Self Service Portal,https://www.qac.org/1455/PZ-Citizen-Self-Service-Portal,,,Queen Anne's County,2026-05-08,Official county citizen portal for online permit submission and permit visibility.,high
md_queenannes_04,MD,official_county,Queen Anne's County Maryland,Mandatory Pump-Out Ordinance,https://www.qac.org/DocumentCenter/View/1713/Ord-08-09-PDF,,,Queen Anne's County,2026-05-08,Official county ordinance governing mandatory pump out of on site septic systems in designated areas.,high
nj_middlesex_01,NJ,official_county,Middlesex County New Jersey,Septic System Program,https://www.middlesexcountynj.gov/government/departments/department-of-public-safety-and-health/office-of-health-services/environmental-health/septic-system-program,,,Middlesex County,2026-05-08,Official county septic program page stating all septic work requires county approval and that direct replacements require a repair permit.,high
nj_middlesex_02,NJ,official_county,Middlesex County New Jersey,Environmental Health Division,https://www.middlesexcountynj.gov/government/departments/department-of-public-safety-and-health/office-of-health-services/environmental-health,,,Middlesex County,2026-05-08,Official county environmental health page stating the county inspects and certifies septic systems in contracting towns.,high
nj_middlesex_03,NJ,official_county,Middlesex County New Jersey,Water Pollution Program,https://www.middlesexcountynj.gov/government/departments/department-of-public-safety-and-health/office-of-health-services/environmental-health/water-program,,,Middlesex County,2026-05-08,Official county water program page listing septic system inspections among county enforcement duties.,high
nj_middlesex_04,NJ,official_county,Middlesex County New Jersey,Office of Health Services,https://www.middlesexcountynj.gov/government/departments/department-of-public-safety-and-health/office-of-health-services,,,Middlesex County,2026-05-08,Official county health services landing page for environmental health governance and contact routing.,high
nc_onslow_01,NC,official_county,Onslow County North Carolina,Septic Systems,https://www.onslowcountync.gov/675/Septic-Systems,,,Onslow County,2026-05-08,Official county septic systems page routing owners into county wastewater workflows.,high
nc_onslow_02,NC,official_county,Onslow County North Carolina,Existing Septic Systems,https://www.onslowcountync.gov/679/Existing-Septic-Systems,,,Onslow County,2026-05-08,Official county page explaining when Existing System Authorization applies and when Improvement Permit and Construction Authorization are required.,high
nc_onslow_03,NC,official_county,Onslow County North Carolina,Repairing a Septic System,https://www.onslowcountync.gov/715/Repairing-a-Septic-System,,,Onslow County,2026-05-08,Official county repair process page requiring a permit and detailed plot plan to fix a malfunctioning system.,high
nc_onslow_04,NC,official_county,Onslow County North Carolina,Fee Schedule,https://www.onslowcountync.gov/DocumentCenter/View/1660/Fee-Schedule-PDF,,,Onslow County,2026-05-08,Official county fee schedule listing existing septic system inspection and wastewater operation permit charges.,high
nc_cumberland_01,NC,official_county,Cumberland County North Carolina,Water and Sewage,https://www.cumberlandcountync.gov/departments/public-health-group/public-health/environmental/water-sewage,,,Cumberland County,2026-05-08,Official county water and sewage page covering septic permits repairs layouts complaints and occupancy permits.,high
nc_cumberland_02,NC,official_county,Cumberland County North Carolina,Requirements for Existing Septic Tanks,https://www.cumberlandcountync.gov/vd-Planning/downloads/info_pamphlets/septic.pdf,,,Cumberland County,2026-05-08,Official county guidance requiring existing septic tanks to be checked for additions or structures and uncovered for inspection.,high
nc_cumberland_03,NC,official_county,Cumberland County North Carolina,Environmental Health Fees,https://www.cumberlandcountync.gov/docs/default-source/health-documents/environmental-health/fees/environmental-health-fees---2023-update.pdf?sfvrsn=ce8cfdb3_2,,,Cumberland County,2026-05-08,Official county fee schedule listing septic tank permit repair permit and inspection of existing septic tank for reuse or change of use.,high
nc_cumberland_04,NC,official_county,Cumberland County North Carolina,Environmental Health Application,https://www.cumberlandcountync.gov/vd-Planning/downloads/Env.%20Health%20Application.pdf,,,Cumberland County,2026-05-08,Official county environmental health application requesting tax parcel number zoning permit and year house built or septic tank installed.,high
md_wicomico_01,MD,official_county,Wicomico County Maryland,Environmental Health,https://wicomicohealth.org/environmental-health/,,,Wicomico County,2026-05-08,Official county environmental health page stating the division permits and inspects all on-site sewage disposal systems and maintains county groundwater monitoring.,high
md_wicomico_02,MD,official_county,Wicomico County Maryland,Applications and Information,https://wicomicohealth.org/environmental-health/applications-information/,,,Wicomico County,2026-05-08,Official county applications page listing replacement septic system checklist land evaluation appeals and Bay Restoration Fund workflow.,high
md_wicomico_03,MD,official_county,Wicomico County Maryland,Bay Restoration Fund,https://wicomicohealth.org/environmental-health/applications-information/,,,Wicomico County,2026-05-08,Official county BRF guidance prioritizing failing OSDS and holding tanks in critical areas before lower-risk upgrade requests.,high
md_wicomico_04,MD,official_county,Wicomico County Maryland,Replacement Sewage System Application,https://www.wicomicohealth.org/wp-content/uploads/2019/06/2023-Replacement-Sewage-System-application-2-2.pdf,,,Wicomico County,2026-05-08,Official county replacement sewage application asking whether the system was inspected during a real estate transfer and requiring a scaled site plan and septic layout details.,high
nc_pitt_01,NC,official_county,Pitt County North Carolina,On-Site Wastewater and Septic Systems,https://www.pittcountync.gov/378/On-Site-Wastewater-Septic-Systems,,,Pitt County,2026-05-08,Official county wastewater page explaining authorization to construct improvement permit triggers tax parcel inputs and the need for a primary drain field and repair area.,high
nc_pitt_02,NC,official_county,Pitt County North Carolina,On-Site Sewage Disposal,https://www.pittcountync.gov/236/On-Site-Sewage-Disposal,,,Pitt County,2026-05-08,Official county onsite sewage disposal page routing septic applications site evaluations and wastewater permit workflow.,high
nc_pitt_03,NC,official_county,Pitt County North Carolina,Environmental Health,https://www.pittcountync.gov/367/Environmental-Health,,,Pitt County,2026-05-08,Official county environmental health page linking wastewater septic systems and application help for local due diligence.,high
nc_pitt_04,NC,official_county,Pitt County North Carolina,Permit Process Brochure,https://www.pittcountync.gov/DocumentCenter/View/1086/Brochure---Permit-Process-for-New-Single-Family-Residence-Accessory-Structure-PDF,,,Pitt County,2026-05-08,Official county permitting brochure connecting site and septic approval to new-home permit sequencing.,high
nc_moore_01,NC,official_county,Moore County North Carolina,Septic Wells,https://www.moorecountync.gov/256/Septic-Wells,,,Moore County,2026-05-08,Official county septic and wells page linking new permit repair permit existing system approval septic record location video and GIS maps.,high
nc_moore_02,NC,official_county,Moore County North Carolina,Existing System Approval Application,https://www.moorecountync.gov/DocumentCenter/View/4378,,,Moore County,2026-05-08,Official county existing system approval form covering same-footprint reconnection and existing septic approval workflow.,high
nc_moore_03,NC,official_county,Moore County North Carolina,Sewage Disposal Recertification,https://www.moorecountync.gov/DocumentCenter/View/528,,,Moore County,2026-05-08,Official county recertification form stating approval expires six months after issuance and flagging pool and addition setbacks from septic and repair areas.,high
nc_moore_04,NC,official_county,Moore County North Carolina,Residential Permit Application Packet,https://www.moorecountync.gov/DocumentCenter/View/558/Residential-Permit-Application-Packet-PDF,,,Moore County,2026-05-08,Official county residential permit packet noting recertification permit or affidavit requirements for existing septic systems.,high
nc_alamance_01,NC,official_county,Alamance County North Carolina,On-Site Wastewater,https://eh.alamancecountync.gov/programs/on-site-wastewater/,,,Alamance County,2026-05-08,Official county onsite wastewater page stating the county issues or denies improvement permits investigates malfunctions issues repair permits and inspects existing septic systems.,high
nc_alamance_02,NC,official_county,Alamance County North Carolina,Application for Services,https://eh.alamancecountync.gov/wp-content/uploads/sites/27/2023/07/Septic-app-2024-v1.pdf,,,Alamance County,2026-05-08,Official county septic services application listing repair permit existing septic system inspection and improvement permit options with fees and site-plan requirements.,high
nc_alamance_03,NC,official_county,Alamance County North Carolina,Required Permits,https://inspections.alamancecountync.gov/permits/permits/,,,Alamance County,2026-05-08,Official county inspections guidance stating other construction permits cannot issue until wastewater authorization is in place unless the site is on public sewer and water.,high
nc_alamance_04,NC,official_county,Alamance County North Carolina,GIS Mapping,https://gis.alamancecountync.gov/,,,Alamance County,2026-05-08,Official county GIS mapping portal used to confirm parcels and site conditions before permit and existing-system review.,high
nc_carteret_01,NC,official_county,Carteret County North Carolina,Septic System Permits,https://www.carteretcountync.gov/207/Septic-System-Permits,,,Carteret County,2026-05-08,Official county septic permits page stating approved wastewater systems are required and routing owners into county environmental health review.,high
nc_carteret_02,NC,official_county,Carteret County North Carolina,Repairs,https://www.carteretcountync.gov/216/Repairs,,,Carteret County,2026-05-08,Official county repairs page stating malfunctioning systems require a repair permit questionnaire and that poor soils or limited space are handled through best professional judgment.,high
nc_carteret_03,NC,official_county,Carteret County North Carolina,Operation Permit,https://www.carteretcountync.gov/214/Operation-Permit,,,Carteret County,2026-05-08,Official county operation permit page stating final inspection and operation permit are required before certificate of occupancy release and that some systems renew every 60 months.,high
nc_carteret_04,NC,official_county,Carteret County North Carolina,Septic Information Request Sheet,https://www.carteretcountync.gov/DocumentCenter/View/79/Septic-Information-Request-Sheet?bidId=,,,Carteret County,2026-05-08,Official county request sheet for septic permit information and county file retrieval.,high
nc_dare_01,NC,official_county,Dare County North Carolina,Environmental Health Services,https://www.darenc.gov/departments/health-human-services/our-units/environmental-health-services,,,Dare County,2026-05-08,Official county environmental health page describing onsite wastewater regulation and application routing.,high
nc_dare_02,NC,official_county,Dare County North Carolina,Permits,https://www.darenc.gov/about/how-do-i/search-view-find/permits,,,Dare County,2026-05-08,Official county permits page stating health permit data can be searched by month year permit number or parcel number and separating municipal building permit records from county health permits.,high
nc_dare_03,NC,official_county,Dare County North Carolina,Forms,https://www.darenc.gov/about/how-do-i/download/forms,,,Dare County,2026-05-08,Official county forms page linking the onsite wastewater application request for information form and acknowledgement form.,high
nc_dare_04,NC,official_county,Dare County North Carolina,On-Site Wastewater System Application,https://www.darenc.gov/home/showpublisheddocument/11479/638761631570770000,,,Dare County,2026-05-08,Official county onsite wastewater application covering new systems additions change of use repairs and seven working day processing guidance.,high
md_somerset_01,MD,official_county,Somerset County Maryland,Wells and Septics,https://somersethealth.org/environmental-health/wells-septics/,,,Somerset County,2026-05-08,Official county wells and septics page stating lot evaluations are usually seasonal and explaining when perc testing can occur.,high
md_somerset_02,MD,official_county,Somerset County Maryland,Bay Restoration Fund,https://somersethealth.org/environmental-health/bay-restoration-fund/,,,Somerset County,2026-05-08,Official county Bay Restoration Fund page for nitrogen-reducing septic upgrades in Somerset County.,high
md_somerset_03,MD,official_county,Somerset County Maryland,Fees Licenses Permits and Applications,https://somersethealth.org/environmental-health/fees-licenses-permits-applications/,,,Somerset County,2026-05-08,Official county forms page listing onsite sewage disposal applications sewage reserve area modification and water and sewer verification for building permits.,high
md_somerset_04,MD,official_county,Somerset County Maryland,Sewage and Water Permits,https://somersethealth.org/wp-content/uploads/2019/11/SEPTIC-APPLICATION-NEW-11.2018.pdf,,,Somerset County,2026-05-08,Official county sewage and water permit form stating the system must be inspected before being covered and interim permits expire in 24 months.,high
nj_somerset_01,NJ,official_county,Somerset County New Jersey,Environmental Health,https://www.somersetcountynj.gov/government/public-health-safety/health-department/environmental-health,,,Somerset County,2026-05-08,Official county environmental health page stating general septic concerns should go to the local health department while the county CEHA agency handles environmental complaints including septic system malfunctions.,high
nj_somerset_02,NJ,official_county,Somerset County New Jersey,Countywide WMP,https://www.somersetcountynj.gov/government/public-works/planning/wastewater-plan/countywide-wmp,,,Somerset County,2026-05-08,Official county wastewater planning page for the countywide wastewater management plan and septic management plan component.,high
nj_somerset_03,NJ,official_state,Somerset County Wastewater Management Plan,Septic Management Plan Component,https://www.somersetcountynj.gov/home/showpublisheddocument/38984/637364624599830000,,,Somerset County,2026-05-08,Official county septic management plan component document used in wastewater planning and septic oversight coordination.,high
nj_somerset_04,NJ,official_county,Somerset County New Jersey,Health Department,https://www.somersetcountynj.gov/health/,,,Somerset County,2026-05-08,Official county health department landing page with county health contact routing for environmental and local public health issues.,high
nc_craven_01,NC,official_county,Craven County North Carolina,Permit Applications,https://www.cravencountync.gov/1391/Permit-Applications,,,Craven County,2026-05-08,Official county permit applications page covering existing system approvals improvement permits construction authorizations repair questionnaires and site plan worksheets for septic work.,high
nc_craven_02,NC,official_county,Craven County North Carolina,Environmental Health FAQ,https://www.cravencountync.gov/Faq.aspx?QID=163,,,Craven County,2026-05-08,Official county FAQ explaining how to find an operation permit in GIS and when to request septic documents from environmental health.,high
nc_craven_03,NC,official_county,Craven County North Carolina,Request For Document: Septic and Wells,https://www.cravencountync.gov/FormCenter/FLI-26/Request-For-Document-Septic-Wells-137,,,Craven County,2026-05-08,Official county public-records form for septic and well document retrieval using owner address parcel and PID data.,high
nc_craven_04,NC,official_county,Craven County North Carolina,Repair Questionnaire,https://www.cravencountync.gov/DocumentCenter/View/5885/SepticRepairQuestionnaire_fillable,,,Craven County,2026-05-08,Official county repair questionnaire used to triage malfunction and replacement stories before a repair application is processed.,high
md_caroline_01,MD,official_county,Caroline County Maryland,Septic Systems and Sewage,https://www.carolinehd.org/environmental-health/septic-systems-sewage/,,,Caroline County,2026-05-08,Official county septic systems page covering perc property status reports sanitary construction permit workflow completion certificates and Bay Restoration routing.,high
md_caroline_02,MD,official_county,Caroline County Maryland,Online Records Search Request Form,https://www.carolinehd.org/online-records-search-request-form/,,,Caroline County,2026-05-08,Official county online records request form for septic and other environmental health file retrieval.,high
md_caroline_03,MD,official_county,Caroline County Maryland,Bay Restoration Fund On-Site Sewage Disposal System Application,https://www.carolinehd.org/wp-content/uploads/2024/02/Bay-Restoration-Fund-Onsite-Sewage-Disposal-System-Application.09.2021pdf.pdf,,,Caroline County,2026-05-08,Official county BRF application showing Critical Area and failing-system prioritization for septic upgrade funding.,high
md_caroline_04,MD,official_county,Caroline County Maryland,Bay Restoration Fund Grant Application Process and Checklist,https://www.carolinehd.org/wp-content/uploads/2024/02/Bay-Restoration-Fund-Grant-Applicaiton-Process-and-Checklist.12.2022pdf.pdf,,,Caroline County,2026-05-08,Official county BRF checklist requiring sanitary construction permit application easement recordation and BAT installation timing.,high
md_kent_01,MD,official_county,Kent County Maryland,Building Permit Checklist New Single Family Dwelling,https://www.kentcounty.com/images/pdf/planning/4._Building_Permit_ChecklistNew_Single_Family_Dwelling_-_CAR_9.1.2024.pdf,,,Kent County,2026-05-08,Official county building permit checklist requiring separate Kent County Health Department review when the parcel uses private well or septic.,high
md_kent_02,MD,official_county,Kent County Maryland,Bay Restoration Fund Application for Financial Assistance,https://kenthd.org/wp-content/uploads/2024/11/2024BRF-Homeowner-Application-Complete-1.pdf,,,Kent County,2026-05-08,Official county BRF application showing Critical Area and failing-system prioritization plus addition demo and rebuild branches.,high
md_kent_03,MD,official_county,Kent County Maryland,Application to Construct an On-Site Sewage System,https://kenthd.org/wp-content/uploads/2024/11/2024-SEPTIC-SYSTEM-APPLICATION-1-1.pdf,,,Kent County,2026-05-08,Official county septic application requiring map parcel identifiers site-plan detail 48-hour construction notice and minimum permeable-soil installation standards.,high
md_kent_04,MD,official_county,Kent County Maryland,Land Evaluation Application,https://kenthd.org/wp-content/uploads/2024/11/2024-Land-Evaluation-Application-1.pdf,,,Kent County,2026-05-08,Official county land-evaluation application requiring soil pits topography elevation contours and wells and septic systems within 100 feet.,high
nj_hunterdon_01,NJ,official_county,Hunterdon County New Jersey,Septic Disposal Systems,https://co.hunterdon.nj.us/378/Septic-Disposal-Systems,,,Hunterdon County,2026-05-08,Official county septic disposal systems page covering design review repair guidance inspections complaint investigations and certificate-of-completion workflow.,high
nj_hunterdon_02,NJ,official_county,Hunterdon County New Jersey,Septic Permit Application Checklist for New Construction and Alterations,https://www.co.hunterdon.nj.us/DocumentCenter/View/796/Septic-Permit-Application-Checklist-for-New-Construction-and-Alterations-PDF,,,Hunterdon County,2026-05-08,Official county checklist requiring engineer-led soil testing township witness approvals local BOH waivers and certificate of completion before occupancy.,high
nj_hunterdon_03,NJ,official_county,Hunterdon County New Jersey,Application for Permit to Construct Alter or Repair an Individual Subsurface Sewage Disposal System,https://co.hunterdon.nj.us/DocumentCenter/View/798/Application-for-Permit-to-Construct--Alter--Repair-an-Individual-Subsurface-Sewage-Disposal-System-PDF?bidId=,,,Hunterdon County,2026-05-08,Official county sewage disposal application for construction alteration and repair with municipal block and lot data and engineering submission fields.,high
nj_hunterdon_04,NJ,official_county,Hunterdon County New Jersey,Fees,https://www.co.hunterdon.nj.us/1289/Fees,,,Hunterdon County,2026-05-08,Official county CEHA fee ordinance stating Hunterdon reviews subdivision sewage disposal and building-permit encroachment on existing sewage disposal areas.,high
tx_montgomery_01,TX,official_county,Montgomery County Environmental Health,Septic Permit - Residential,https://www.mctx.org/departments/departments_d_-_f/environmental_health/permitting/septic_%28residential%29.php,,,Montgomery County,2026-06-28,"Official county septic permit page with residential OSSF permit office, contact, and permit requirement context.",high
tx_montgomery_02,TX,official_county,Montgomery County Environmental Health,On-Site Sewage Facility Environmental Health Services,https://www.mctx.org/departments/departments_d_-_f/environmental_health/on-site_sewer_facility.php,,,Montgomery County,2026-06-28,"Official county OSSF service page linking permitting, forms, fees, complaints, local order, and installer resources.",high
tx_fortbend_01,TX,official_county,Fort Bend County Environmental Health,On-Site Sewage Facility Permits / Packets,https://www.fortbendcountytx.gov/government/departments/health-and-human-services/environmental-health/on-site-sewage-facility-permits-packets,,,Fort Bend County,2026-06-28,"Official county OSSF permit packet page stating applications and maintenance contracts are submitted online, existing systems are not grandfathered for modifications, and permit to construct and license to operate are separate.",high
tx_fortbend_02,TX,official_county,Fort Bend County Environmental Health,On-Site Sewage Facility Program,https://www.fortbendcountytx.gov/government/departments/health-and-human-services/environmental-health/on-site-sewage-facility-ossf-program,,,Fort Bend County,2026-06-28,"Official county OSSF program page describing county regulation of location, design, construction, installation, operation, and maintenance.",high
tx_brazoria_01,TX,official_county,Brazoria County Environmental Health,OSSF Permitting Process,https://www.brazoriacountytx.gov/departments/environmental-health/forms-permit-applications/ossf-permitting-process,,,Brazoria County,2026-06-28,"Official county OSSF permitting page stating a permit is required before installation and building permit issuance, existing OSSFs without permits cannot be retroactively permitted, and final approval affects transferability.",high
tx_brazoria_02,TX,official_county,Brazoria County Environmental Health,Environmental Health Contact Us,https://www.brazoriacountytx.gov/departments/environmental-health/contact-us,,,Brazoria County,2026-06-28,Official county environmental health contact page listing OSSF septic systems and maintenance contact channels.,high
tx_bell_01,TX,official_county,Bell County Engineer,Online Permits,https://www.bellcountytx.com/departments/engineer/online_permits_%28engineering%29/index.php,,,Bell County,2026-06-28,Official county engineering online-permits page used to check jurisdiction and available permit types.,high
tx_bell_02,TX,official_county,Bell County,Public Records,https://www.bellcountytx.com/about_us/public_records.php,,,Bell County,2026-06-28,Official Bell County public records page routing Texas Public Information Act requests through the county NextRequest system.,high
tx_elpaso_01,TX,official_county,El Paso County,Permits,https://www.epcounty.com/839/Permits,,,El Paso County,2026-06-28,Official county permits page listing the On-Site Sewage Facility permit among planning and development permits.,high
tx_elpaso_02,TX,official_county,El Paso County Planning and Development,Development FAQ,https://www.epcounty.com/DocumentCenter/View/882/FAQs-PDF,,,El Paso County,2026-06-28,"Official county FAQ noting septic requirements, OSSF department routing, final inspection, and approval dependencies for development.",high
al_shelby_01,AL,official_local,Alabama Department of Public Health Shelby County,Environmental Services,https://www.alabamapublichealth.gov/shelby/environmental-services.html,,,Shelby County,2026-06-28,Official county environmental services page listing onsite forms and the Shelby County environmental department phone path.,high
al_shelby_02,AL,official_local,Alabama Department of Public Health Shelby County,Contact Us,https://www.alabamapublichealth.gov/shelby/contact.html,,,Shelby County,2026-06-28,Official county contact page listing environmental office phone/fax and instructing septic tank requests to call the environmental office.,high
al_tuscaloosa_01,AL,official_local,Alabama Department of Public Health Tuscaloosa County,Services,https://www.alabamapublichealth.gov/tuscaloosa/services.html,,,Tuscaloosa County,2026-06-28,"Official county services page listing onsite sewage applications and permits, septic tank applications, and environmental services.",high
al_tuscaloosa_02,AL,official_local,Alabama Department of Public Health Tuscaloosa County,Contact Us,https://www.alabamapublichealth.gov/tuscaloosa/contact.html,,,Tuscaloosa County,2026-06-28,Official county contact page instructing septic tank requests and complaints to call the environmental office.,high
al_lee_01,AL,official_local,Alabama Department of Public Health Lee County,Services,https://www.alabamapublichealth.gov/lee/services.html,,,Lee County,2026-06-28,"Official county services page listing onsite sewage applications and permits, system repair or tank replacement, and septic tank pumper permitting.",high
al_lee_02,AL,official_local,Alabama Department of Public Health Lee County,Contact Us,https://www.alabamapublichealth.gov/lee/contact.html,,,Lee County,2026-06-28,Official county contact page listing Lee County Health Department details and septic tank request instructions.,high
al_limestone_01,AL,official_local,Alabama Department of Public Health Limestone County,Services,https://www.alabamapublichealth.gov/limestone/services.html,,,Limestone County,2026-06-28,"Official county services page listing onsite sewage applications and permits, septic tank applications, and environmental services.",high
al_limestone_02,AL,official_local,Alabama Department of Public Health Limestone County,Contact Us,https://www.alabamapublichealth.gov/limestone/contact.html,,,Limestone County,2026-06-28,Official county contact page listing environmental services contact and septic request routing.,high
al_morgan_01,AL,official_local,Alabama Department of Public Health Morgan County,Services,https://www.alabamapublichealth.gov/morgan/services.html,,,Morgan County,2026-06-28,"Official county services page listing onsite sewage applications and permits, septic tank applications, and environmental services.",high
al_morgan_02,AL,official_local,Alabama Department of Public Health Morgan County,Contact Us,https://www.alabamapublichealth.gov/morgan/contact.html,,,Morgan County,2026-06-28,Official county contact page listing environmental phone and septic tank request routing.,high
in_stjoseph_01,IN,official_county,St. Joseph County Department of Health,Septic Systems,https://www.in.gov/localhealth/stjosephcounty/environmental-health/septic-systems/,,,St. Joseph County,2026-06-28,Official county septic systems page stating the department has septic permit records starting in 1970 and explaining what information helps the search.,high
in_stjoseph_02,IN,official_county,St. Joseph County Department of Health,Septic Schematics,https://www.in.gov/localhealth/stjosephcounty/environmental-health/septic-systems/septic-schematics/,,,St. Joseph County,2026-06-28,Official county schematic page stating septic records from 1970 to present may be checked and routed through a schematic request form.,high
in_stjoseph_03,IN,official_county,St. Joseph County Department of Health,Septic Documents,https://www.in.gov/localhealth/stjosephcounty/environmental-health/septic-systems/documents/,,,St. Joseph County,2026-06-28,"Official county document page listing septic permit application, operating permit application, design submittal, abandonment application, schematic request, and variance request.",high
in_porter_01,IN,official_county,Porter County Health Department,Well and Septic Permits,https://www.in.gov/localhealth/portercounty/environmental-health/septic-systems/well-and-septic-permits/,,,Porter County,2026-06-28,"Official county well and septic permits page explaining repair permit field investigation reports, subdivision soil-test file checks, and new construction permit steps.",high
in_marshall_01,IN,official_county,Marshall County Health Department,Onsite Sewage Systems - Septic System,https://www.in.gov/localhealth/marshallcounty/environmental/onsite-sewage-systems-septic-system/,,,Marshall County,2026-06-28,"Official county onsite sewage page stating septic permits require application, proposed design, and fee, and warning surrounding parcels are not a guide to site suitability.",high
in_huntington_01,IN,official_county,Huntington County Health Department,Septic,https://www.in.gov/localhealth/huntingtoncounty/environmental-sanitarian/septic/,,,Huntington County,2026-06-28,"Official county septic page stating a septic permit must be issued before construction, repair, or replacement and linking application and installer resources.",high
al_montgomery_03,AL,official_local,Alabama Department of Public Health Montgomery County,Environmental Health Division,https://www.alabamapublichealth.gov/montgomery/environmental-services.html,,,Montgomery County,2026-06-28,County environmental health page listing onsite sewage disposal systems and repair or tank replacement permitting.,high
al_montgomery_04,AL,official_local,Alabama Department of Public Health Montgomery County,Onsite Sewage Disposal,https://www.alabamapublichealth.gov/montgomery/sewage.html,,,Montgomery County,2026-06-28,County onsite sewage page explaining permit-to-install submission through Montgomery County Environmental Division.,high
al_autauga_01,AL,official_local,Alabama Department of Public Health Autauga County,Services,https://www.alabamapublichealth.gov/autauga/services.html,,,Autauga County,2026-06-28,"County services page listing onsite sewage applications and permits, large-flow development permits, system repair and tank replacement, and septic tank pumper permitting.",high
al_autauga_02,AL,official_local,Alabama Department of Public Health Autauga County,Contact Us,https://www.alabamapublichealth.gov/autauga/contact.html,,,Autauga County,2026-06-28,County contact page instructing septic tank requests and establishment complaints to call the office and ask for the Environmental Office.,high
al_elmore_01,AL,official_local,Alabama Department of Public Health Elmore County,Services,https://www.alabamapublichealth.gov/elmore/services.html,,,Elmore County,2026-06-28,County services page and fee routing for environmental services used before septic tank requests and repair records.,high
al_elmore_02,AL,official_local,Alabama Department of Public Health Elmore County,Contact Us,https://www.alabamapublichealth.gov/elmore/contact.html,,,Elmore County,2026-06-28,County contact page routing septic tank requests to the Environmental Office.,high
al_stclair_01,AL,official_local,Alabama Department of Public Health St. Clair County,Environmental Services,https://www.alabamapublichealth.gov/stclair/environmental-services.html,,,St. Clair County,2026-06-28,"County environmental services page listing onsite sewage applications, septic tank permits, repairs, and related environmental health services.",high
al_stclair_02,AL,official_local,Alabama Department of Public Health St. Clair County,Contact Us,https://www.alabamapublichealth.gov/stclair/contact.html,,,St. Clair County,2026-06-28,County contact page with Environmental phone and septic tank request routing.,high
al_cullman_01,AL,official_local,Alabama Department of Public Health Cullman County,Services,https://www.alabamapublichealth.gov/cullman/services.html,,,Cullman County,2026-06-28,"County services page listing onsite sewage applications and permits, small and large-flow development, septic tank and grease trap permits, and pumper permits.",high
al_etowah_01,AL,official_local,Alabama Department of Public Health Etowah County,Contact Us,https://www.alabamapublichealth.gov/etowah/contact.html,,,Etowah County,2026-06-28,County contact page listing Environmental phone and telling septic tank requesters to ask for the Environmental Office.,high
al_calhoun_01,AL,official_local,Alabama Department of Public Health Calhoun County,Environmental Services,https://www.alabamapublichealth.gov/calhoun/environmental-services.html,,,Calhoun County,2026-06-28,County environmental services page with onsite sewage application and environmental department routing.,high
al_blount_01,AL,official_local,Alabama Department of Public Health Blount County,Environmental Services,https://www.alabamapublichealth.gov/blount/environmental-services.html,,,Blount County,2026-06-28,"County environmental services page listing onsite sewage applications, permits, septic tanks, grease trap permits, and septic pumper inspections.",high
al_marshall_01,AL,official_local,Alabama Department of Public Health Marshall County,Services,https://www.alabamapublichealth.gov/marshall/services.html,,,Marshall County,2026-06-28,County services page listing onsite sewage applications and permits.,high
al_houston_01,AL,official_local,Alabama Department of Public Health Houston County,Onsite Sewage,https://www.alabamapublichealth.gov/houston/sewage.html,,,Houston County,2026-06-28,County onsite sewage page explaining local health department permit requirements before new systems or repairs.,high
in_grant_01,IN,official_local,Grant County Health Department,Residential Onsite Septic System,https://www.in.gov/localhealth/grantcounty/environmental-division/registered-installers/,,,Grant County,2026-06-28,County page explaining when a septic permit is required and that the Environmental Division must confirm records before a building permit.,high
in_grant_02,IN,official_local,Grant County Health Department,Environmental Division,https://www.in.gov/localhealth/grantcounty/environmental-division/,,,Grant County,2026-06-28,"County environmental division overview covering residential onsite septic site visits, plan reviews, permits, and inspections.",high
in_laporte_01,IN,official_local,La Porte County Health Department,Procedure for Issuance of On-Site Sewage System Permit,https://www.in.gov/localhealth/laportecounty/files/Procedure-for-Septic-App-1-9-2020.pdf,,,La Porte County,2026-06-28,"County permit procedure requiring tax ID, soil report, design materials, and review before an OSS permit is issued.",high
in_shelby_01,IN,official_local,Shelby County Health Department,Environmental Division,https://www.in.gov/localhealth/shelbycounty/environmental-division/,,,Shelby County,2026-06-28,County environmental division page stating septic permits are issued for residential and commercial sewage disposal systems and records extend back to 1955.,high
in_miami_01,IN,official_local,Miami County Health Department,Septic,https://www.in.gov/localhealth/miamicounty/environmental-health/septic/,,,Miami County,2026-06-28,"County septic hub with permit procedure, property owner information, local rules, and installer resources.",high
in_miami_02,IN,official_local,Miami County Health Department,Connect to an Existing System,https://www.in.gov/localhealth/miamicounty/environmental-health/septic/procedure-to-acquire-a-septic-permit/connect-to-an-existing-system/,,,Miami County,2026-06-28,County existing-system page requiring verified records and system dimensions before connection to an existing soil absorption system.,high
in_brown_01,IN,official_local,Brown County Health Department,Septic and Waste Water,https://www.in.gov/localhealth/browncounty/services-we-offer/septic-and-waste-water/,,,Brown County,2026-06-28,County septic page stating permits are issued for repair and new construction and a diagram of the system is kept on file.,high
in_brown_02,IN,official_local,Brown County Health Department,Links and Forms,https://www.in.gov/localhealth/browncounty/linksforms/,,,Brown County,2026-06-28,"County forms page listing septic permit application, permit process checklist, contractors, and related onsite sewage forms.",high
in_decatur_01,IN,official_local,Decatur County Health Department,Environmental Health,https://www.in.gov/localhealth/decaturcounty/environmental-health/,,,Decatur County,2026-06-28,"County environmental health page listing septic permit, repair, replacement, and expansion fees plus onsite sewage inspection context.",high
in_washington_01,IN,official_local,Washington County Health Department,Septic Systems,https://www.in.gov/localhealth/washingtoncounty/septic-systems/,,,Washington County,2026-06-28,"County septic systems page explaining repair permits, installer coordination, and county environmental specialist review.",high
in_washington_02,IN,official_local,Washington County Health Department,Schedule of Fees,https://www.in.gov/localhealth/washingtoncounty/schedule-of-fees/,,,Washington County,2026-06-28,"County fee page listing repair permits, new construction permits, and existing private sewage disposal system fees.",high
nc_guilford_01,NC,official_local,Guilford County Public Health,On-site Wastewater,https://www.guilfordcountync.gov/government/departments-and-agencies/department-health-and-human-services/public-health/environmental-health/site-wastewater,,,Guilford County,2026-06-28,"County onsite wastewater page covering site evaluations, permits, inspections, repairs, monitoring, abandonment, and existing-system inspections.",high
nc_durham_01,NC,official_local,Durham County Environmental Health,Septic and Well Records,https://dconc.gov/Public-Health/Health-Data-and-Records/Septic-and-Well-Records,,,Durham County,2026-06-28,County records page allowing anyone to request septic and well records on file with Environmental Health by email using address and parcel clues.,high
nc_durham_02,NC,official_local,Durham County Environmental Health,On Site Water Protection,https://dconc.gov/Public-Health/Environmental-Health/On-Site-Water-Protection,,,Durham County,2026-06-28,County onsite water protection page with Environmental Health contact information and local resource routing.,high
nc_iredell_01,NC,official_local,Iredell County Health Department,View Your Septic Record Online,https://www.iredellcountync.gov/1034/View-Your-Septic-Record-Online,,,Iredell County,2026-06-28,County page explaining how to obtain septic permit copies through the Iredell County GIS map and property layers.,high
nc_iredell_02,NC,official_local,Iredell County Health Department,Onsite Water Protection,https://www.iredellcountync.gov/853/Onsite-Water-Protection,,,Iredell County,2026-06-28,"County onsite water page linking online application, new septic permit, existing system inspection, repair permit, and record lookup workflow.",high
nc_randolph_01,NC,official_local,Randolph County Environmental Health,Septic Systems,https://www.randolphcountync.gov/429/Septic-Systems,,,Randolph County,2026-06-28,"County septic systems page explaining repair workflow, certified notice, and Environmental Health inspection after repair.",high
nc_randolph_02,NC,official_local,Randolph County Environmental Health,On-Site Water Protection Program,https://www.randolphcountync.gov/397/On-Site-Water-Protection-Program,,,Randolph County,2026-06-28,County onsite water protection page linking septic expansion and environmental health forms.,high
nc_davidson_01,NC,official_local,Davidson County Environmental Health,Environmental Health Records Request,https://lf.davidsoncountync.gov/Forms/EHRecordsRequest,,,Davidson County,2026-06-28,County records request form used when Davidson County WebGIS does not surface the needed environmental health records.,high
nc_lincoln_01,NC,official_local,Lincoln County Environmental Health,Environmental Health,https://www.lincolncountync.gov/451/Environmental-Health,,,Lincoln County,2026-06-28,"County environmental health page linking septic and well records, onsite water, and local environmental health services.",high
nc_lincoln_02,NC,official_local,Lincoln County Environmental Health,Onsite Water,https://www.lincolncountync.gov/2617/Onsite-Water,,,Lincoln County,2026-06-28,County onsite water page pointing users to septic and well record requests.,high
tn_loudon_01,TN,official_local,Loudon County Planning and Codes Enforcement,Septic System Contact,https://planningandcodes.loudoncounty-tn.gov/buildingCodes_septicSystemContact.php,,,Loudon County,2026-06-28,County septic contact page routing permit customers to the TDEC online septic application and TDEC file search.,high
tn_anderson_01,TN,official_local,Anderson County Health Department,Health Department,https://andersoncountytn.gov/health-department/,,,Anderson County,2026-06-28,County health department page with local office contact for health department routing before TDEC septic file checks.,high
tn_cumberland_01,TN,official_local,Cumberland County Codes Department,Codes Department,https://cumberlandcountytn.gov/directory/codes/,,,Cumberland County,2026-06-28,County codes page used to connect building-permit questions with septic file or TDEC SSDS routing.,medium
tn_health_local_01,TN,official_state,Tennessee Department of Health,Local Health Departments,https://www.tn.gov/health/local.html,,,state,2026-06-28,Official local health department directory with environmental health program contact routing for Tennessee counties.,high
tx_comal_01,TX,official_county,Comal County Engineer's Office,Search Septic Permit Records,https://cceo.comalcounty.gov/environmental/searches/record_search.html,,,Comal County,2026-06-28,Official Comal County permit search for existing septic permits through Environmental Enforcement.,high
tx_comal_02,TX,official_county,Comal County Environmental Health,Environmental Health,https://www.comalcounty.gov/274/Environmental-Health,,,Comal County,2026-06-28,County environmental health page stating OSSF work needs a permit and approved plans from TCEQ or Comal County.,high
tx_parker_01,TX,official_county,Parker County Permitting Department,Permitting,https://www.parkercountytx.gov/130/Permitting,,,Parker County,2026-06-28,County permitting page stating the department regulates and permits onsite sewage facilities in unincorporated Parker County.,high
tx_parker_02,TX,official_county,Parker County Permitting Department,Septic Application and Technical Sheet,https://www.parkercountytx.gov/DocumentCenter/View/10724/Parker-County-Septic-Application-and-Tech-Sheet,,,Parker County,2026-06-28,County septic packet noting OSSF documents are filed in Parker County deed records.,high
tx_ellis_01,TX,official_county,Ellis County Department of Development,Department of Development,https://www.elliscountytx.gov/227/Department-of-Development,,,Ellis County,2026-06-28,"County development page explaining the department oversees permitting of structures, septic systems, subdivision, and floodplain work.",high
tx_ellis_02,TX,official_county,Ellis County Department of Development,Applications and Associated Information,https://www.elliscountytx.gov/675/Applications,,,Ellis County,2026-06-28,County applications page linking septic permit review and development process material.,high
tx_guadalupe_01,TX,official_county,Guadalupe County Environmental Health,Environmental Health OSSF,https://www.guadalupetx.gov/page/eh.ossf,,,Guadalupe County,2026-06-28,"County OSSF page stating a license to operate is required before building, altering, extending, or operating an OSSF.",high
tx_guadalupe_02,TX,official_county,Guadalupe County Environmental Health,Frequently Asked Questions - OSSF,https://www.guadalupetx.gov/upload/page/0267/docs/Frequently%20Asked%20Questions-OSSF%204-8-25.pdf,,,Guadalupe County,2026-06-28,County OSSF FAQ stating Environmental Health can search by property address or legal description for permits on file.,high
tx_bastrop_01,TX,official_county,Bastrop County Development Services,On-Site Sewage Facilities,https://www.bastropcounty.gov/page/ds.ossf,,,Bastrop County,2026-06-28,"County OSSF page covering setbacks, site plan requirements, and local development services workflow.",high
tx_bastrop_02,TX,official_county,Bastrop County Development Services,OSSF Application Packet,https://www.bastropcounty.gov/upload/shared/DevServices/BASTROP%20COUNTY%20ON-SITE%20SEWAGE%20FACILITY%20OSSF%206.20.2024.pdf,,,Bastrop County,2026-06-28,County OSSF packet with application and fee routing for onsite sewage facility permits.,high
in_tippecanoe_01,IN,official_local,Tippecanoe County Health Department,Sewage Disposal,https://www.tippecanoe.in.gov/569/Sewage-Disposal,,,Tippecanoe County,2026-06-28,County sewage disposal page telling buyers to obtain available septic records from the county health department and noting existing septic inspection applications.,high
in_tippecanoe_02,IN,official_local,Tippecanoe County Health Department,Septic Diagram FAQ,https://www.tippecanoe.in.gov/faq.aspx?TID=28,,,Tippecanoe County,2026-06-28,County FAQ stating the health department can email or print septic diagrams when available.,high
in_bartholomew_01,IN,official_local,Bartholomew County Health Department,Onsite Sewage System,https://bartholomew.in.gov/health-department/environmental-health/onsite-sewage-system.html,,,Bartholomew County,2026-06-28,"County onsite sewage page linking soil boring, permit application, permit extension, and Indiana onsite rule materials.",high
in_bartholomew_02,IN,official_local,Bartholomew County Health Department,Health Department,https://bartholomew.in.gov/health-department.html,,,Bartholomew County,2026-06-28,County health department page stating septic installation inspections are performed and a system diagram is kept on file.,high
in_monroe_01,IN,official_local,Monroe County Health Department,Environmental Health Wastewater,https://www.in.gov/counties/monroe/Departments/health-department/wastewater/,,,Monroe County,2026-06-28,County wastewater page linking septic permit application and county installer information.,high
in_monroe_02,IN,official_local,Monroe County Health Department,Site Sewage Disposal Systems,https://www.in.gov/counties/monroe/Departments/health-department/wastewater/site-sewage-disposal-systems/,,,Monroe County,2026-06-28,"County site sewage page listing new septic, repair, renewal/modification, and commercial septic permits.",high
